3cf84cb2-b985-443f-ab85-228d4ab8ae0b;Guava;14.25
36dffea8-c54f-44c4-83a8-1897c9cf716f;Fennel;27.91
e1c2a56b-2d4b-46b7-8d2f-0b967bdc0374;Sobe - Lizard Fuel;4.1
04ebbd16-d327-4d97-9419-9342759c4afc;Sprouts - Brussel;56.29
6a826c01-10c6-4563-aa3f-4010aac88c04;Soup Bowl Clear 8oz92008;88.15
1c660398-1eab-463e-8c50-0ec6feba4d26;Pepper - Red Bell;44.32
caf66a6d-d963-4cae-9fef-1e0921cfc3b6;Catfish - Fillets;82.07
834b15f6-6de8-4a63-bcc8-1d8ad9150ca7;Chicken Breast Wing On;65.0
482a9f2a-ef96-46a5-bc42-2e3b96ccdcb1;Cocoa Butter;53.97
3acef761-8000-4940-9374-6fbae088d03a;Chocolate Bar - Oh Henry;78.13
c7b9e30d-b174-4d1a-a7c3-274ea00cabfa;Pear - Asian;87.91
ea060170-4f2e-428e-b4cc-cd3d18da91c3;Table Cloth 62x120 White;30.55
97798e41-c1a8-4ee1-97b7-29d8eff300e8;Table Cloth 62x120 White;78.86
cc1a823e-845d-4e0b-9451-91190bd9c840;Port - 74 Brights;12.89
a2e66606-4076-497b-b675-f8a77d172121;Zucchini - Green;52.41
36ff74ee-0ba8-47ca-b0ea-0da334633605;Spring Roll Veg Mini;39.84
23646b15-3900-417f-911c-ff5a2e2c2a37;Lid Coffeecup 12oz D9542b;90.43
95ea31c3-1d97-4d8c-848d-f5f8ce08acd3;Raspberries - Frozen;75.25
c5a9d3e8-1415-4aaa-a8c5-b05266e72d14;Soup - Campbells, Minestrone;5.0
22c19bf5-fac7-4e9e-b292-fd58b56d2825;Beef - Prime Rib Aaa;5.14
77389f20-2931-4e2d-9423-9b3da16d6e3c;Wine - Fat Bastard Merlot;27.78
679e127b-996d-4430-b7a1-295a5a724e4c;Beets - Candy Cane, Organic;4.84
1a610f18-6d9d-4091-be36-c1ea82a6bed8;Corn - On The Cob;73.25
92d7a797-03ef-4604-8579-e106b88a3bbb;Energy Drink - Franks Original;72.92
4b877659-4463-4f23-b2a9-653b05fbd2bd;Truffle Cups - White Paper;29.98
e770134b-d1da-47dd-952f-abcd4a33f6b7;Plate Foam Laminated 9in Blk;27.25
1cc56509-48e9-4bd7-8060-93b69cc98426;Oil - Truffle, Black;9.23
00f58dd5-541c-4403-b385-3576a24dd5ca;Wine - Chardonnay Mondavi;69.61
8069193d-f36e-48bd-8066-794dc483a5cc;Flower - Leather Leaf Fern;6.19
4a28137a-0b82-47fd-b364-72fa0430e89a;Soup - Campbells Mushroom;6.53
d440095a-0db8-4ba8-84eb-2f4fbd28ddc3;Bread - Bistro White;55.57
b61433ed-fc07-40c5-8355-d8e13d97eaa7;Wine - Red, Cabernet Merlot;79.54
99d87454-9e81-4c95-96d0-4acca681ef00;Eggwhite Frozen;46.03
948e4ad4-b9c4-419a-b371-c7d3b4f0b7e4;Pork - Bacon Cooked Slcd;43.53
6805c0d2-9ef0-4d6c-9763-a43d43a331e9;Cheese - Stilton;16.37
2c1a3927-5dc2-402b-b809-6fc397139e3a;Duck - Fat;79.14
c15cb338-8b9b-4e73-859d-9f9b9bdfb869;Easy Off Oven Cleaner;9.2
1cbad714-9cef-41f3-97e0-11dd752e4247;Juice - Orange;67.56
cabab250-aa78-4761-992e-6641b7a974d5;Mace;14.81
28ea6e68-ee7b-4527-93d0-5ae80a2932ce;Pork - Chop, Frenched;26.31
43495044-25a5-4e61-a2a6-7eecaba719c3;Noodles - Cellophane, Thin;61.34
fb0b12b8-2a0c-406e-ba75-dbfb60614f80;Bread - Roll, Soft White Round;40.5
1888f430-d590-4047-a5c9-83f59e0aa8f6;Cumin - Ground;65.53
c04429f6-bd8d-4c40-823f-0911435103f2;Salmon - Smoked, Sliced;13.72
8e4ff20b-1a2f-4677-9cea-bee82ce6a07d;Garbage Bag - Clear;30.44
467fe14f-1d26-4b1b-96fc-ae103137fa34;Muffin - Blueberry Individual;42.67
e89d28fb-63b6-48b3-8697-3ef1fb40d721;Cheese - Colby;56.83
225a7a05-482c-47cc-a3b6-103d2d1b10f7;Beans - Black Bean, Canned;23.17
63ed30de-ca77-4bed-9baa-fcd2c2edff73;Wine - Taylors Reserve;70.25
414cddbf-5c48-4411-a7aa-faa8bb89dac8;Tabasco Sauce, 2 Oz;21.12
9ece44eb-aa87-44c7-9bf5-b0c63a590e30;Jolt Cola - Electric Blue;43.47
34e74817-1e67-4d70-b490-eb767e944009;Bagels Poppyseed;88.05
c53a5a22-3e68-419d-96a2-1727107890dd;Soup - Cream Of Potato / Leek;27.11
f6f2ac91-c9f4-43b9-b55e-687e5de8d596;Toamtoes 6x7 Select;38.55
4a6d5a7b-c386-4b11-8307-df8c54148448;Pasta - Penne Primavera, Single;13.11
642c8807-4243-4a7d-a6b1-17b67ead02db;Rice - Sushi;7.42
f8ed72ae-2661-423c-b30d-d0052cae039b;Fond - Chocolate;91.48
f3cfc16f-67a3-49a6-845d-876c90f10612;Coffee - Egg Nog Capuccino;61.43
ec080180-b7a7-4661-af00-c7ba230f2dcf;Pepsi, 355 Ml;86.27
b651fb83-e582-48fc-a41a-653ce044042f;Asparagus - Mexican;70.02
2b38f7c7-a62c-4701-9584-c818221609f1;Veal - Bones;22.22
ea71646b-f2c9-4391-a674-485952e314d4;Icecream Bar - Del Monte;30.07
dc22b883-90e8-444e-bf07-a2ef7405a842;Shrimp - 16/20, Iqf, Shell On;20.05
0393e248-3066-4eb4-8293-78701f2d7388;Celery;2.65
79723261-33fd-42f7-b39c-5dbda4a15c50;Beef - Tongue, Fresh;32.22
89aaf194-df08-4829-9158-e4a37ad2338c;Wiberg Cure;49.95
0999f701-6240-4a39-b65c-ef840d13663f;Soup - French Onion;53.51
66c61b7a-4dd0-4e2b-acaa-354a34435f88;Juice - Lagoon Mango;95.06
94b92b63-b6d0-41bb-9feb-dea17cd400c9;Rolled Oats;7.44
458c7313-a4c0-4264-9e77-5300dfd11a0f;Shrimp - 16 - 20 Cooked, Peeled;3.52
a6df88f2-5d5c-4893-96e4-c5d68bde20f0;Longos - Burritos;49.34
be9c8657-2c6b-42c3-9bd4-b9bc31cf7190;Steampan - Half Size Shallow;8.02
82995681-0f53-4066-bd3e-7060fca120fc;Kiwi;40.98
9302ebe0-2ba6-4991-9e3c-bc19ec9f39ba;Cookie Choc;28.13
c85db266-ba08-4229-9071-2e6b8e489a8e;Wine - Red, Cooking;11.85
43af7162-4331-4f8d-9c8b-05b9a8f0c67f;Sugar - Fine;46.09
b3afb2e5-eb6c-4b1d-8b53-2244be89f582;Beans - Fava, Canned;88.85
213f157e-8cd3-481f-b7ad-6acbb4987bc2;Gloves - Goldtouch Disposable;66.6
d0c14335-ce12-4a43-a721-e9723ffd8c90;Tarragon - Fresh;56.59
cb9990ba-7805-4729-8bd5-702c66450c02;Pear - Halves;29.88
f6eb31ce-c7c7-4e4d-b4aa-c01ddb250180;Beef - Tenderloin - Aa;3.54
a81b285d-2ba6-4b1c-9cab-cb4f07d5b6db;Pepper - Green;4.08
92578524-fa8d-4266-95b5-2d9b72dba694;Bread - Multigrain Oval;11.36
feda4e9b-e053-4096-8fca-5fadabf00bdb;Beer - Corona;95.03
1bb4547f-0aa5-4bcf-bc72-a053d8d03cd4;Shrimp - Black Tiger 13/15;33.08
58fec9d3-5c1c-426e-9820-bcf3d1f057bd;Wine - Red, Pinot Noir, Chateau;33.62
75f62287-db5d-4cea-9dbb-8546dcf9bf8e;Bread - Olive Dinner Roll;76.65
d5a0884f-70f6-4911-860b-84d8c3e07d48;Mace;20.5
a0887ef5-fc01-463f-a3ea-b4fe6e7bacba;Longos - Chicken Curried;87.21
441788cb-53c3-43a7-b4a9-2aff4622deb8;Canadian Emmenthal;24.58
1f2825ab-bb6a-46ac-b07c-5b7628d743d6;Cake - Miini Cheesecake Cherry;56.67
947cdb85-a8ab-4337-a3ac-e040e64f278a;Cheese Cloth;75.18
22a52e03-d328-4d8b-a061-b5e03045d5d2;Mushroom - Oyster, Fresh;37.35
fe238fc1-3df9-452a-8920-f0e1580efa49;Sole - Iqf;25.09
0d929bb3-6894-40ca-acec-994114346457;Cookies Cereal Nut;57.71
35adfbf3-0b5d-4027-90e8-3a7b082be221;Juice - Orange, 341 Ml;8.35
ed5763eb-24eb-4efd-a901-3c0503b2f533;Beef - Top Sirloin - Aaa;27.2
d80d8beb-c8a7-4fae-83d5-ec2f3aced54e;Wine - Spumante Bambino White;31.51
9104c9fe-eedd-4336-9b6c-4d5f51f6c12c;Juice - Lemon;52.07
14b25d30-4b2b-4752-b5ae-2fbbbdbe3ad2;Sausage - Blood Pudding;78.91
d4bf194c-f72b-4182-8e10-cc05a59d434d;Kale - Red;44.86
49ff2d95-6420-4758-8d56-a4a5f636a86e;Parsley - Dried;32.44
26a0c191-689f-4576-9242-0c73243b938d;Nantucket - Pomegranate Pear;54.03
c28b8ca4-a8b0-4be8-8351-016f17ee7d26;Sponge Cake Mix - Vanilla;15.34
9d539d2c-4de0-478b-8d15-d90df9e6397e;Shrimp, Dried, Small / Lb;83.77
fcbdc45d-2662-41d4-ad95-7e7fa37b860f;Berry Brulee;2.88
bcceb30b-dabe-4059-ad38-dafc575b0979;Graham Cracker Mix;86.78
b144b106-d7ac-4b21-a8de-4ab9afcfcb36;Juice - Pineapple, 341 Ml;66.37
f6d85a73-33be-43a0-8eec-844ea5b54841;Glass - Juice Clear 5oz 55005;25.53
c0560725-6168-455a-b413-2ab9a443d48a;Appetizer - Mini Egg Roll, Shrimp;93.89
ff86e897-c31e-41ea-82e3-ea69c175a355;Wine - Fume Blanc Fetzer;67.15
9d593ffb-29f0-4580-a41e-0d7e4de1a9a3;Cleaner - Lime Away;99.24
be13b988-e8c1-4aa8-840e-454b0cbf409e;Water - Spring Water, 355 Ml;98.25
acfaaa07-bfda-4335-91b5-189b39d4df03;Coconut - Whole;42.35
36ad511b-faf7-49b7-9605-d80ad5e4ccc2;Bread - Olive Dinner Roll;30.89
2ae3905a-1623-44ae-b705-463c24ca42ea;Red Currants;64.4
617dabac-8bff-4bf6-a493-53ab25229b2a;Horseradish Root;27.73
856736e1-f9f8-498b-b3c9-fe9914fb446c;Wakami Seaweed;42.63
d56c3aad-dba7-4480-8074-354e3bbeaac7;Shrimp - 150 - 250;1.61
8ab5da62-c0d1-4027-bfde-6d599f2ccdd1;Broom - Push;67.57
4da8d64f-33ec-4d40-a920-e207f61071dc;Beer - Original Organic Lager;62.13
c8474953-eed0-493f-b297-a5f7c31c1d6e;Food Colouring - Orange;35.32
bd383270-9bb9-4994-8839-a32d29b2a146;Anchovy Paste - 56 G Tube;21.91
a7ccedbf-824f-4adb-aa99-7d7ddbe1d077;Raspberries - Fresh;19.77
59fe0dc2-c593-4a03-b669-a8459cfca254;Olives - Stuffed;61.71
b1df1ecf-af50-425a-b7d9-980f953b4a1a;Bread - Pita, Mini;53.5
ae816d4a-104d-4f82-b8b5-e45074f66ea5;Cranberries - Fresh;24.64
68e527e1-09c6-4e21-899b-67629ef62104;Mustard - Dijon;7.28
8ecd5aa7-89a8-44bc-a54d-043209d45011;Asparagus - White, Canned;43.62
1e2c8aa1-f2f7-445b-8ccc-413eef5c0f69;Lid - Translucent, 3.5 And 6 Oz;66.83
91ff6a63-58dd-497a-926a-a097eefacfe7;Nut - Pecan, Halves;69.38
a3449ed0-919f-444e-b472-4fb22043ac15;Soup - Beef, Base Mix;97.33
cf7f553d-e14e-4a22-b3c6-c8401b56c25c;Sprouts - Baby Pea Tendrils;67.98
38e92199-1e82-4c1f-961e-2b454ae61670;Truffle Cups Green;59.09
dea1ca6d-b858-4c2a-a879-29884c8f07b8;Oats Large Flake;45.27
91efdcac-a2ce-4636-9b7c-b36f64b4c65f;Wine - Red Oakridge Merlot;30.4
8e463407-e1de-476c-8711-5d4575a8757e;Tuna - Loin;97.23
2adf4bb2-6c21-442d-a614-298b1b6df912;Cups 10oz Trans;96.21
0d98d1f3-cafa-4735-85cb-0be7864df078;Bread - Sour Batard;67.3
78ce56a0-94ea-4109-a8cc-9e34c76ef2eb;Soda Water - Club Soda, 355 Ml;71.71
83912f27-ee7d-4037-bdb9-fed103543f71;Graham Cracker Mix;82.01
c63fadd2-d811-4429-be45-8dc99e50374f;External Supplier;6.62
804c4af0-1e84-4fe7-9e78-fad1d4c73a68;Oregano - Fresh;16.26
198c3ce0-3ec4-4a21-b8a4-bff78ac16934;Sansho Powder;42.66
5abb43f7-a67d-4f9d-addb-85ff8aeba078;Burger Veggie;29.76
1cf28cdc-44d0-417a-8ce8-90285fef5310;Beer - Pilsner Urquell;49.07
b89056a3-a245-4686-bbdb-a5cb4933bb9f;Soup - Campbells Beef Noodle;25.6
4b6f9d02-5638-4fd4-ae32-ceaee927b4ca;C - Plus, Orange;8.08
746e3412-faf8-4076-810e-6dcaea4985db;Oranges - Navel, 72;29.91
bc6f4c19-f8ef-4b28-ae63-05f73f378685;Sauce - Soya, Dark;42.97
3788ab04-fd85-4f9c-aca4-70e23e431f21;Veal - Osso Bucco;5.79
293b8c2e-4907-4ce7-bbfb-53136b0dc45f;Bandage - Fexible 1x3;95.28
894bb1d0-a5a5-4807-ba41-3a66e523cf9d;Nut - Almond, Blanched, Sliced;23.36
c6623041-d7eb-4ab5-8abf-308af841bd3a;Swiss Chard;32.28
0a5a2e98-4a34-49ff-b79f-0b125b52c958;Syrup - Monin, Swiss Choclate;24.39
5a05dfc0-dd1e-455f-bacc-a67f815c128a;Aspic - Clear;34.91
05ee0ff8-37ab-4aa0-bff2-ad7008bd2d63;Flour - Strong Pizza;32.91
0536d09a-a041-4fad-8dbe-98abc3aa698f;Pasta - Cappellini, Dry;43.85
6bb60b50-c33b-421f-8f33-111d3e3756ec;Sauce - Salsa;40.56
48344dc0-b2ca-4965-a162-63d03dc169a5;Ecolab - Medallion;26.31
5fdd746a-2dec-4c56-b9f3-9e8342967055;Wine - Rosso Toscano Igt;17.8
f8e05a77-0095-411b-a5be-0fa2e7fbf333;Beer - Blue;63.33
2dc45855-6a4b-40b0-af80-3c5cf4e7e05f;V8 Splash Strawberry Kiwi;59.08
956059f3-25fe-4fa1-9711-bb23a83bce27;Lemon Tarts;53.27
ae970a0b-1fb0-439c-b23c-2f383e2b05be;Crackers - Soda / Saltins;29.42
1b8c05d2-4fe2-49b3-aa98-7ae43b9872eb;Easy Off Oven Cleaner;39.29
bf321bd9-79cb-4b97-a1c0-d4c030d2a238;Shrimp - Black Tiger 6 - 8;43.63
b018c9c7-629e-4b6a-b8e4-43200547f81a;Tea - Mint;82.12
acf2fa14-7759-48f7-972b-300def46e73f;Wine - Delicato Merlot;11.8
f5be80d8-7735-4f01-bbde-dfde1dc7cf96;Flour - Buckwheat, Dark;58.17
1901dcde-10fa-4142-bb5e-3bb03e88e44a;Mace;35.52
67b63004-52a6-4ca6-8b17-cb7e1ee41441;Shrimp - Black Tiger 6 - 8;52.75
60b0bc23-8a74-46a8-a800-f0258ce419e6;Pepper Squash;74.57
f6224081-f069-4245-8ffc-7e431b77e3d6;Silicone Paper 16.5x24;77.71
93058f50-db85-43c6-b490-74d27376624c;Chips Potato Salt Vinegar 43g;77.75
47a982d8-53e6-45c9-81ed-bba61514cb16;Pike - Frozen Fillet;47.75
fdf5383b-0d9d-4518-9eac-23abc73e8712;Pork - Backs - Boneless;96.63
7ffa6d5a-de19-4e1e-b8dd-ddc4fd62b703;Bread - Pain Au Liat X12;22.21
e91c0b4e-0fda-4c2e-a39d-93b1c2af901b;Pasta - Angel Hair;21.42
cd2c3f07-a623-4af8-b335-2ac2e81a8bfb;Table Cloth - 53x69 Colour;99.32
a5e59d51-6385-4a5e-98cb-8485da1dd8b7;Wine - Sicilia Igt Nero Avola;23.33
86401fee-254f-4b98-ac1b-2a7d5d82010a;Mayonnaise - Individual Pkg;78.24
981796db-5e1b-4fe5-bf31-d4bd6b33fffd;Flounder - Fresh;77.28
f3c5c3ac-b0a2-499b-bc00-d6f88d9cbc4c;Wine - Toasted Head;84.98
9caed472-a3d8-4836-bea7-e7ed55b9544a;Juice - Apple, 1.36l;27.72
27f2e8a7-8b4b-4626-ab5e-1227951c2fda;Juice - Cranberry 284ml;21.88
7a37c744-a56f-4752-8bde-04ef4ddff4ef;Wine - Gewurztraminer Pierre;30.57
d771dc1c-4a76-4d94-beb8-3e856dc24164;Glaze - Clear;46.0
de924dda-87eb-4056-9157-68ea21ff47fa;Appetizer - Mini Egg Roll, Shrimp;97.5
7c04bb83-ec79-4680-928b-7a9d00d736db;Wine - Cave Springs Dry Riesling;71.02
0660bc85-71de-4e9e-a651-6db3ea96b84b;Tea Peppermint;10.39
d3094ebb-fff4-43ee-a2f9-f99d3c06e829;Teriyaki Sauce;13.01
8235a998-4d17-4493-9c70-3d2a32bb2695;Clementine;15.38
3ac42148-cc61-4453-8f60-a76aecaddb47;Muffin Mix - Oatmeal;76.78
15ca7780-0cb7-4ad4-8e94-5251d78158cb;Longos - Grilled Chicken With;77.14
7eb15b63-accf-4d78-934d-77503a752b22;Bread - Malt;52.77
fc781078-d2c2-4a5d-8525-666167d4593b;Bandage - Flexible Neon;37.11
58e74550-c59a-441b-837a-390c4532d282;Bread - White, Unsliced;56.63
b71dc7c3-5fce-4a6e-9593-b38d1e778484;Chocolate - Milk Coating;4.82
d4e732d8-98a0-4457-8f35-ce23f557db9a;Island Oasis - Cappucino Mix;29.18
d130fdf2-c87b-429c-b992-7589e66b475b;Beer - Upper Canada Light;79.78
e9ae145e-1e31-4c0c-902d-8301ab0fd584;Edible Flower - Mixed;83.3
374e67dd-8e20-4ab6-a67f-c1bf6c9f3ab1;Pork - Loin, Center Cut;91.39
b1e3e14b-c211-477b-9284-d05e13a493c8;Veal - Liver;28.42
3c9fe602-946c-48ba-a7c0-966bbcfbbaa3;Pork - Backs - Boneless;80.49
ab7bf36d-6cd9-428e-9d80-6ceca62c5668;Passion Fruit;42.55
a340defa-df65-4503-911e-e8894494b0b1;Wine - White, French Cross;20.57
66b1b5c2-de00-4b56-ad3f-1bf0355840dc;Cookies Cereal Nut;45.62
520f1450-8f54-4882-bddf-d43cc817b15b;Cheese - Parmesan Cubes;79.29
4d1901a3-c488-403c-88e4-10a643eb0a70;Cilantro / Coriander - Fresh;15.04
3c7950ab-3154-4804-aa04-998f9a8933db;Split Peas - Yellow, Dry;67.71
684120c7-6a08-4464-9aed-cb94b8d534b8;Pasta - Canelloni;43.2
4184b94c-7a81-47c6-9257-8be6650b6723;Beans - Fava, Canned;90.23
7aa3e64c-fc27-4b4d-b021-21f8e280f3d4;Olives - Nicoise;21.62
94ab9444-161f-4f47-85cd-44e0c8ca5148;Butter - Salted, Micro;80.37
e94bd7ef-f011-4dca-a6c1-ffd7cd4e5e40;Pork - Liver;29.32
640693c5-6b98-43b3-82ee-7a3eac1da62c;Compound - Rum;78.14
e8cb7342-cd67-4732-b654-9d113af82246;Zucchini - Mini, Green;83.51
cf4d68d3-f755-42f8-b2b0-98c893f256ca;Beer - Tetleys;48.18
4049506e-d193-43fe-bafe-5d96e07ad274;Steam Pan Full Lid;31.91
caf7f425-7c60-4b7c-849b-9a33997b645b;Snapple - Iced Tea Peach;21.5
347e268e-4a68-46d2-a3d4-fbcce2c0a0d2;Tequila Rose Cream Liquor;70.31
37b738b2-6c8f-4d65-99d3-7ddaaf7aa23e;Wine - Zonnebloem Pinotage;26.22
871f6f0b-a84f-46ea-9604-a220c191f942;Swiss Chard;36.91
96735ade-2444-4b27-a443-8a4f757e8a8a;Cookie Dough - Peanut Butter;14.38
497006b6-8e5d-44c6-8a00-b0e33c5d3444;Ginger - Fresh;79.95
62a644ee-a6f0-4404-9b5c-f83948832b0f;Soup - French Can Pea;28.61
4e5c98a1-7f29-4ba5-9bb7-e67c0162a728;Buffalo - Tenderloin;75.28
04e0efed-cb5f-48ba-8adf-9b0e3f762c23;Spice - Pepper Portions;68.37
0ff0f121-e628-4f83-a4a9-13e5eb1e3c05;Table Cloth 53x53 White;90.99
17586368-4b18-4781-9a8b-abbb47378c2a;Dried Figs;62.16
50f717c6-557d-4211-b8e2-7742165cbb92;Bag Clear 10 Lb;27.91
ab603bdf-5868-4f00-83e5-f548a7521260;Oven Mitts 17 Inch;97.49
16c5531f-fbe3-4ca8-997e-1c167349736e;Cream - 18%;6.27
9e3d2978-de5a-455b-a354-dcce19f86efa;Beans - Black Bean, Preserved;48.41
92339cda-e558-402d-9f45-cfa28454b333;Spice - Peppercorn Melange;86.47
cda7ec5a-e74b-4234-8949-4ae53f64e9f9;Wine - Cotes Du Rhone;45.19
b88335e1-a56f-411a-8c01-bde39a15d51e;Lid - Translucent, 3.5 And 6 Oz;47.86
7c5e6764-15c0-436d-842d-55802707acce;Wine - Coteaux Du Tricastin Ac;87.9
07aacc59-f3a5-43ca-8fd3-a7cd97e4ebc5;Lettuce Romaine Chopped;54.15
c2b0295e-7d70-4f13-988f-00be89a2587e;Cream - 35%;49.83
18879019-3528-46f7-a05d-e16914eefe28;Corn Kernels - Frozen;31.99
7c080d78-c313-411a-ae2f-5fda30eaeaf3;Appetizer - Crab And Brie;48.57
e947bd80-f7cd-4303-a605-2f1b1079b518;Cheese - Bocconcini;69.82
0e9745a2-5e60-4e44-a0c0-42bdfec68cb1;Bagelers;45.86
f25cd31a-6dd0-438b-9fd6-89320eb057e5;Kellogs Raisan Bran Bars;81.3
75887895-57e6-4a1b-9c31-bcb4b8b70c79;Wine - Cousino Macul Antiguas;5.07
77c11e6c-3927-425a-9af8-5c57a833220a;Paper - Brown Paper Mini Cups;34.04
ae7e5c6e-6b71-4759-84fd-57d03c529915;Apple - Delicious, Golden;16.42
810358cb-37d2-4312-b5f8-62eb677f7327;Flax Seed;60.26
6cd4cdc8-970c-4956-8118-abcb226fa599;Saskatoon Berries - Frozen;34.03
2cef5a11-4350-4388-bff5-181427d5e873;Wine - Chianti Classico Riserva;18.14
b54d6e77-eb39-431b-af95-233bffedae7c;Ocean Spray - Ruby Red;95.1
19d291e0-afd2-40a9-b043-1c37c24bd643;Pork - Butt, Boneless;72.73
a7186f98-ef4a-43c3-a9c3-0a14187bed12;Milk 2% 500 Ml;53.29
de6476d4-c1a0-46f4-ae07-dad4549a98a2;Trueblue - Blueberry Cranberry;2.03
99f7d886-dcc2-462e-8631-3c0f4cc9abda;Oven Mitts - 15 Inch;93.12
49e1d68a-2ef8-43bd-90a0-d1e9e580b695;Veal - Tenderloin, Untrimmed;50.41
75a3fb93-259c-4613-bf75-451d22161f9d;Squash - Butternut;92.71
922cb020-8a69-4d99-b022-b230d416f82f;Coffee - Frthy Coffee Crisp;16.99
abbd08bd-c496-4581-9137-4c871aee3690;Bread - Roll, Whole Wheat;81.9
f6fcbd43-081b-4136-bd8f-c8c910a7620d;Ice Cream Bar - Oreo Cone;42.65
d3f6eb04-0869-47f9-ad45-3e4c2ab18e19;Fond - Neutral;78.69
b827206a-fccb-43af-8f11-b0c9a39d39f1;Bread - Raisin Walnut Pull;34.93
80035679-8bef-4287-a6b5-38a9f5be1527;Lamb Shoulder Boneless Nz;90.56
558b6572-6c1a-4fe6-8ac8-8fc43d05f94f;Tea - Herbal - 6 Asst;77.38
0c8f3d41-d96a-4344-bd4f-4d97cebeab6a;Appetizer - Cheese Bites;38.91
b8a7dc6c-6a43-4e62-8570-57c37da2e921;The Pop Shoppe - Cream Soda;94.31
f7b97287-84ad-4354-b588-4f8f6117c3ed;Thermometer Digital;12.36
07961434-7e1f-4605-b545-625d97365f58;Cleaner - Pine Sol;55.66
b2e7662b-f5bc-465b-b51b-304a86e05846;Sauce Bbq Smokey;32.91
733722a0-55c5-4502-b0b6-19a8415ad937;Appetizer - Spring Roll, Veg;75.69
6380f1bf-d199-4704-ad93-4b1975ac1549;Pepper - Sorrano;2.35
fcfe9908-b527-4db9-908f-643c7b82cc5a;Lamb - Shanks;81.53
f17d2af4-be10-4026-abf2-3a706b519930;Sole - Iqf;55.08
c3ee11a4-9c9d-4d36-88ce-daa94371b25d;Pasta - Penne Primavera, Single;68.05
c8bf7645-f21c-458c-823e-e5cc8b2b543c;Grouper - Fresh;80.82
887c10c2-9a8c-4d71-bf2f-ad9aa9b4bd45;Grand Marnier;69.63
950334f3-acf6-4bbc-9187-11f5d1ada85b;Wine - Taylors Reserve;11.41
e242d129-a790-4d35-ad72-d30a9f1727b0;Oven Mitts - 15 Inch;43.24
565446c4-7aeb-4336-97c1-8169ba271bbf;Bread - Roll, Whole Wheat;37.96
fc0f202d-4433-4ebd-a8da-04b520b984df;Bread - Bistro Sour;14.68
a701c5b2-fbf7-464b-80b7-5a31f101123e;Cake - Miini Cheesecake Cherry;65.0
b1bcda53-ff12-4ab3-b328-b0b99b7b2c01;Juice - Ocean Spray Cranberry;52.58
c42d07b9-8370-40b6-bfc7-826488b2f79d;Cognac - Courvaisier;79.39
f08550e4-c7aa-40d0-ab71-103c505a4088;Bread - Dark Rye;18.59
f921e1da-cba1-4716-bce1-5c57e18c1538;Tofu - Firm;8.81
69e3fb95-6df0-4a64-bde2-df0f36f2c277;Banana Turning;54.48
07feebe2-55c3-4471-9e87-c7563051211a;Wine - Casablanca Valley;47.5
5e1909da-74a4-4b64-aa4a-14ebb8212699;Lemon Pepper;97.05
1d90375a-9f8a-4191-8bc4-87d48efcf168;Bar Energy Chocchip;35.61
6007dd46-f9d7-4b5d-92c8-bcaddd99554a;White Baguette;49.96
70388c56-b5cd-4588-bfbb-cbc3b4a047b9;Table Cloth 54x54 White;9.03
13888a7a-97d1-46ee-a26e-4aa71865ae94;Soup - Knorr, Chicken Noodle;86.85
5b0dddc0-39ef-45f0-b160-738ca405b74d;Pea - Snow;72.81
036197b7-ddbb-4455-b845-ad817c115cb1;Longos - Chicken Wings;90.35
c5a88077-1214-445f-a73f-e3cb9b98c3ab;Puree - Mango;53.84
98807b2f-8858-411d-b2be-1dc52a896628;Wine - Placido Pinot Grigo;87.93
cb1142fe-2d96-460b-a522-ec4298e05a4a;Table Cloth - 53x69 Colour;78.4
32c345f2-c19a-489b-bf58-845971a36001;Calvados - Boulard;44.4
368145a0-9cec-4ee3-afb5-bdee62328eaf;Mortadella;66.07
62fb761b-dfaf-4332-87c8-6fe2a695e22f;Soup - Beef Conomme, Dry;78.35
ff250e9c-9de1-4624-b623-ff73c539d90d;Coffee - Colombian, Portioned;90.0
e6a383af-5abd-41ea-8fbe-d788d6511ed2;Wine - Chianti Classico Riserva;45.41
dc5d7c74-d547-442f-8ae9-0985f4c60c40;Pails With Lids;66.77
30060022-03a2-47c1-b5aa-2da1b7fd8e49;Chocolate Eclairs;16.76
0cdb894f-ce45-475d-95fe-68cf0fdbbe7a;Wine - Prosecco Valdobiaddene;15.23
17a2bc0b-d185-4cbe-8e0e-0dbac83e5bc6;Oregano - Fresh;66.91
c1a51591-390a-43a4-be62-540123953272;Cattail Hearts;49.12
febd0e2d-69b0-4ade-9713-5d2dce133193;Juice Peach Nectar;47.87
362a238a-c092-4339-bd02-ddcd9b84c7f0;Amarula Cream;80.67
ecf18acc-594a-459b-99d1-8765248899b7;Ginger - Pickled;11.21
27a8ad81-4b01-495b-a4fa-5025fed52b52;Herb Du Provence - Primerba;58.2
f7aad7e9-b3c3-4dc5-b228-726c9482124b;Wine - Red, Pinot Noir, Chateau;72.33
20cbf6b0-cec4-44c0-9aba-c4e270616ddf;Cup - 3.5oz, Foam;51.03
4dca2e05-c898-4e3f-8074-ef1d873f8065;Bread - Calabrese Baguette;94.48
f24f17d8-277e-436c-a071-5bce402b1217;Towel Dispenser;21.11
de448cba-806e-4563-8c2f-7b7dca1cc03a;Hand Towel;20.37
82532e79-d09e-46d0-8216-79aab358d3c0;Salt - Sea;18.69
5484564f-8a43-4878-92b4-38e9b8e5b6d9;Bread - French Stick;6.84
4f81b285-a89a-447a-b5a8-16994dfe9196;Beer - Steamwhistle;59.8
872a70b0-50d1-40c5-ae9c-4df9210d1b82;Salt And Pepper Mix - White;25.33
3117861a-c11d-4bca-b5a8-2f38dd2eeba1;Bread - Crusty Italian Poly;4.76
69c2ecb9-3a0f-482b-b97d-6ee47aab90a9;Pork - Chop, Frenched;54.86
c7931947-8a4b-4cb7-8b1e-3dfeb75089fd;Juice - V8, Tomato;59.17
4bdb1033-c77d-4813-9682-4898d9842215;Oregano - Dry, Rubbed;93.74
68c5d5fc-0949-4f9b-9aeb-5f6540017df3;Beef - Kobe Striploin;91.51
35ebbf52-2bc6-411c-b350-1684fac20422;Eggplant - Baby;73.61
8f0ee19c-255c-4390-904d-2e6dab6db501;Beef - Rouladin, Sliced;59.12
cfa4531c-b62e-4bdf-b1e8-5a21a4ecb56d;Cornflakes;56.32
5ef9820a-ada0-4039-b684-c4c94dbd659d;Energy Drink - Franks Original;69.36
4449d730-4651-44f9-9d64-a69dc70fc938;Sugar - Cubes;14.42
d6737e39-e1b7-4f3f-807e-ba4570c9d480;Wine - Sogrape Mateus Rose;1.64
707de219-6be1-4573-b88c-9fe2d4c1d3a7;Nantucket Pine Orangebanana;15.54
0e62ee51-9557-42d1-ba03-55dc6d660539;Couscous;73.57
d833efef-aa6e-4645-aba3-dbadd575434a;Nori Sea Weed - Gold Label;22.62
852297a1-61a9-464b-8a47-675a31cfd91d;Sugar - Brown;28.08
f96715e4-1396-4780-894d-b80d18cd9c8e;Bread - Bagels, Plain;35.97
ee3b250d-b040-48ca-b6fe-7c15c34c1635;Parasol Pick Stir Stick;26.8
3d20437b-8cfc-44fc-bbaa-752d8f37e048;Wine - Two Oceans Sauvignon;34.67
bf44f418-3d8a-41e5-bcf6-5aabc6a1fcd8;Pepper - Julienne, Frozen;23.17
29213823-1dba-4ac3-8e19-91a0ceba10e5;Ice Cream Bar - Rolo Cone;16.14
01731bf8-da73-4135-a1e4-8abeaf42acc8;Cocoa Powder - Natural;72.08
32d01c10-512d-4b3e-aa11-807bc9d421c7;Beef - Tender Tips;97.91
fc5cba51-ac9a-4cc9-a821-c79580cef3bd;Chicken - Leg / Back Attach;4.02
b8893e94-9b75-4e66-968f-5b897f088963;Beans - Soya Bean;16.02
2e095b4c-dd0e-4f77-a826-73ce6b3f690d;Pasta - Fettuccine, Dry;3.47
8e54d65d-3868-497d-bc81-dc98e5cbc453;Wine - White, Riesling, Henry Of;42.5
98623298-4b80-49d1-9843-f2fc041c5275;Oats Large Flake;89.85
7a04df3a-52c0-4bba-a917-d586a803992c;Beef - Kobe Striploin;97.42
0ddf04a7-263b-463b-8716-2e3c69d94724;Onions - Red;48.09
3f7d9c7b-907a-488a-9ae0-cbbead83fbab;Tea - Herbal I Love Lemon;9.98
a91cba91-399c-445f-a69f-88a6275df9e7;Bread - Rye;49.12
d5f9cceb-dbac-41ef-9c3c-0321b523b6ec;Tomatoes - Roma;86.38
17805192-c9e8-4def-850d-94883c8cfa8b;Milk - Homo;5.57
28df6077-d9da-417f-afd8-d028bed025e6;Chevere Logs;36.11
469650cd-2d12-4d14-b401-3ec9db61246e;Foil - Round Foil;37.0
b4a5ee0a-ba36-4f0a-8949-c1754ff03aa6;Cookie Dough - Double;23.48
c1094949-9d81-4b1e-af2b-dff9c46dbc42;Tuna - Bluefin;17.96
9b7875f3-38c3-400d-a139-95ec2d0037e3;Vinegar - Tarragon;83.75
4110b30a-067f-417e-967d-50e31bfe72a0;Sauce - Thousand Island;40.5
1dcbcaa5-39a6-45c6-a267-4932d9f2d487;Juice - Apple, 1.36l;65.28
fa7322ea-ebea-4308-8d9e-e9c421e3ab32;Squid - Tubes / Tenticles 10/20;94.48
83111d8d-7ba4-4c6a-a78c-0f60bf00fc43;Bread - Pumpernickle, Rounds;64.35
9d32f3eb-3fc9-4dce-bf1d-ce1280ac7b94;Arctic Char - Fillets;93.55
cfcd3c09-149a-4f8e-b6af-0ad97cba78e6;Soup - Campbells Broccoli;16.5
1ba63012-da60-491c-b836-9b5f8d57541a;Chinese Foods - Pepper Beef;94.51
a5979147-9ea5-4f2c-ba88-0a576e1d3f7f;Cups 10oz Trans;51.12
2981d3ee-9b94-48a1-a7e6-7b222c51cb53;Skirt - 24 Foot;69.69
99a75709-26f6-473a-99d0-8031d3d5f353;Bacardi Mojito;84.34
7bdbeaa4-7e3b-4781-b7f3-862469853b00;Chocolate Eclairs;80.1
578d920d-b344-4972-bfd5-1b19d76a210a;Crab - Dungeness, Whole, live;79.23
62468b73-18e4-472a-8ddd-e8ac62b96b4d;Container - Foam Dixie 12 Oz;96.25
d7cf527c-04e2-4085-98d8-a92729f07b21;Rice - Long Grain;77.53
649c9a8a-4352-4bf3-a887-04f91881b012;Icecream Cone - Areo Chocolate;13.56
6c14df28-b5ac-4c99-a9be-6abc14262ec7;Beer - Fruli;87.94
68d7bb67-de76-42a8-83fb-c5f70462c3b1;Cheese Cloth No 60;92.11
ce4f574e-ed24-4a91-bd11-f456f79aa419;Sage Ground Wiberg;46.75
f49ddf46-cefa-4f1f-9a5b-861422ba5975;Wine - Vovray Sec Domaine Huet;60.22
23316737-69f2-49ce-9bd1-10b9a8333a8d;Salmon - Canned;73.6
ce862108-5f5f-444d-8a02-e21e75abe627;Plate Pie Foil;87.15
c2095967-8be6-4d87-bd51-1f9551f445f4;Container - Hngd Cll Blk 7x7x3;8.24
2456789b-b83c-4311-9538-ee02881453b5;Five Alive Citrus;79.66
eba64b8b-c6ca-4259-a1e9-f8e2b8302ecf;Pate - Cognac;6.98
b23f698a-2219-47e3-a717-19c75a02b643;Pastry - Trippleberry Muffin - Mini;22.2
0ece37ca-a580-4030-8fda-7f6f557f95bb;Tomatoes - Yellow Hot House;8.13
c35fa2a3-41c1-47b3-8a32-10a6a68dbf3a;Pumpkin;11.67
17aadaf1-f1fa-4e4f-bb26-b9390959a30d;Yogurt - Cherry, 175 Gr;49.22
f7ec3c01-ab36-4b10-bb97-23e7bfb81b9d;Wine - Carmenere Casillero Del;13.31
e9063c55-784e-4df0-9737-dedddf9ff4f3;Beef - Kobe Striploin;18.54
84aedd00-3b00-41f7-aed5-bce8bffa025b;Shopper Bag - S - 4;30.94
5dd017a7-7cad-404a-bb27-a292e099764c;Juice - Apple, 1.36l;59.8
ce2a2d34-cefa-4508-b2d7-9e4111d56d3c;Beef - Kindney, Whole;92.24
6ce00492-8aa5-4a9e-afe9-bfcea5d22eb8;Onions - Cippolini;56.23
a2a32b25-ca10-45a7-962c-14390e6386a8;Salsify, Organic;69.03
f79064e9-b9b3-425e-84c6-791865d3eca5;Wine - Saint Emilion Calvet;90.67
fcf89e52-118b-408a-b4f9-ada5f865896d;Bacardi Limon;90.63
b9d38826-e457-48a0-ad5a-531c07b1bdef;Cloves - Ground;57.07
1b49b7b9-efad-457a-b7f3-e7ce0b065881;Radish - Pickled;88.81
b2a6b78a-1845-4531-8987-e88f3a7c87a2;Icecream Bar - Del Monte;44.43
cf4550bc-c053-4a08-a3da-23268e9443f3;Cheese - Cheddar With Claret;5.05
f8ce413d-4618-4a21-a892-e3e133b5dff1;Cilantro / Coriander - Fresh;38.63
306ebe2a-95fb-4868-a9c5-170dde919982;Table Cloth 81x81 Colour;88.31
f4886603-2755-49b7-9433-66287b66710c;Saskatoon Berries - Frozen;33.7
e9c62dbe-d128-4f86-9ccc-ae2ff0da3932;Swiss Chard - Red;75.05
adf9b396-6f6f-4431-a881-b6e2c9325cff;Wine - Rioja Campo Viejo;51.68
293f7ebd-7bc1-46b1-9dd8-7038c0c0cd22;Chips - Doritos;98.12
87806622-9a72-4cda-a8e4-f7f4b44f464b;Dasheen;37.7
0b1a3eb1-8eb7-44b7-bf02-12204b653038;Beer - Original Organic Lager;73.59
f30a7127-dceb-4efd-bad0-9e6a8d4c6214;Water - Tonic;38.1
83eb1dc0-8b41-45a9-a16c-f425cc9504df;Wine - Sauvignon Blanc;65.27
00f78463-c411-4aed-a2a1-5e1a64588060;Pepper - White, Whole;52.21
9b67279f-4d89-4ea9-9c40-51d5ff823538;Olives - Green, Pitted;5.56
cc33cd2d-73c0-4ee3-a744-d593ef1b14d1;Tart Shells - Sweet, 4;88.27
054e7a22-0ac1-405d-af85-e0816dc8c40d;Horseradish - Prepared;57.09
975611fe-0077-4596-9ce5-488c955ce24b;Carrots - Mini Red Organic;71.34
0a677822-eee0-4493-ab4b-cad4811b088b;Five Alive Citrus;45.39
6d9ec0ed-fdd9-42ca-a81d-e0e1ebedc576;Cassis;16.18
1b0539e1-3bf7-4bbd-b8ba-efed1cf3474d;Extract Vanilla Pure;77.46
f6a7ed02-e6e0-4f35-aa37-7bb737872e4d;Spring Roll Veg Mini;87.59
3307df2c-b61b-45aa-8706-25cabae78177;Wine - Red, Metus Rose;11.81
60043ec1-494e-4668-8678-1e09767d99de;Ginsing - Fresh;80.39
0a1be4f5-6c4d-43ee-803b-8e7e0c3cb8de;Wine - Marlbourough Sauv Blanc;47.96
86941d48-ba43-4cb8-8c0a-acad7ad750d4;Bread - Raisin Walnut Pull;96.62
5cb2c3f2-83e5-47a3-8d75-a0a8bb2a6587;Mackerel Whole Fresh;20.36
13225fc9-ea30-4d3f-b34a-662ab460b06f;Brandy - Bar;16.09
4ed933d7-767a-482c-a7ff-2181d5532634;Kiwano;1.1
4c273e87-8e07-4be3-bb23-f648272c34d8;The Pop Shoppe - Cream Soda;80.93
a5631200-d4ef-42a8-b8f3-c54534668807;Pickerel - Fillets;75.26
798a4ec3-cc1c-42e0-bb1f-e0077a3616e8;Beets - Mini Golden;55.9
254d5cc8-c009-40b8-b6bf-f87cfc5c1f24;Chicken - Wings, Tip Off;59.25
c354ef06-6d0d-4107-a83b-7f51d3105c35;Spice - Paprika;75.11
d9d242e3-b2f1-4dd5-adbd-579a1b76652d;Croissant, Raw - Mini;4.71
347490e2-463c-49a3-a9df-2623909cf62a;Muffin Hinge 117n;10.37
41291dbd-1112-4367-a846-633ff2e03bca;Cookie Dough - Chunky;85.77
a74b3a5a-3c2b-4eb4-bdb9-629d01358330;Cardamon Seed / Pod;99.94
2e37f9e4-86d1-4751-a54d-55435f74ac0b;Bread - Ciabatta Buns;55.46
c6fea214-949d-42d0-b666-931c20d2808e;Loquat;70.94
398e0919-2523-455d-8f1a-18f7681bc5e1;Muffins - Assorted;33.63
b046a050-68e9-49a2-af39-e19253242ba4;Tea - Earl Grey;23.32
b011ec63-90a7-4f02-bd15-37fbc6bb4110;Soup - Tomato Mush. Florentine;76.76
0b763764-a13e-43f2-8d85-036d98566abe;Ecolab - Mikroklene 4/4 L;28.01
720d6e05-7d1c-4bcc-bfd5-f7c11627f4e8;Sauce - Salsa;23.87
9d3df496-1fb1-4bbf-bab4-d03a2a416718;Nougat - Paste / Cream;81.29
dd1cf113-a6a7-483d-b3ab-ac4fe59489cc;Peach - Halves;15.19
9157b9be-20e1-4cd4-ab07-a8e7d88be203;Basil - Fresh;91.72
e8aac14e-d85d-433c-8ed1-9fe79e8f1e99;Filling - Mince Meat;87.83
29184f66-02f0-49ba-9d0b-4054b3019648;Rosemary - Fresh;59.19
90674e89-79f7-425c-80a8-f033d7e3ce0e;Garbage Bags - Black;86.4
9d599899-1818-4341-8e0d-7f5f4f6ec4e0;Bread - Calabrese Baguette;5.0
014bc758-34e4-4bf5-9dc0-c6d063009ffa;Higashimaru Usukuchi Soy;17.19
6844ee46-5ba0-49b0-a82c-b5f1cc32597a;Country Roll;16.3
6dfec39b-bb0f-426f-891b-f025bb080458;Veal - Liver;12.69
627c5454-6a88-4b7b-99b2-7abdd9000743;Pineapple - Golden;15.05
f9a75542-f225-45ce-ab47-5db1ce050650;Fudge - Cream Fudge;6.29
5a2b96b1-a77e-49dd-beca-aa939ee38d8d;Fruit Mix - Light;41.97
77a9f2e7-cae6-46f2-b32d-56de300db3d9;Wine - Gato Negro Cabernet;3.68
7d8a4c71-e422-48d4-9483-a27209fae2ff;Chinese Foods - Plain Fried Rice;65.83
4094468b-faef-4956-8828-c3d326558b34;Wine - Rosso Toscano Igt;18.81
198b0560-7480-473a-8c5d-375e259c758e;Appetizer - Cheese Bites;86.95
42ab8438-11d5-4647-af52-8916b1bf578c;Broom - Push;94.16
c6c4ad6d-97cd-48e0-bd7d-7ce4f377eb38;Soup - Campbells Tomato Ravioli;58.02
6ae78629-a7be-4fe8-a8d9-75a34fd02112;Quail - Whole, Boneless;30.54
85317d75-6313-40c8-8616-110a7412a305;Wine - Port Late Bottled Vintage;94.74
09ff83e2-1450-4729-86b2-415864e5a2e3;Soup - Campbells Beef Strogonoff;26.2
a1aed1e3-4684-4fed-8e20-207a4e1ac97f;Vinegar - Sherry;22.13
6f0be9e4-db5e-4298-a289-04137cf927aa;Urban Zen Drinks;40.2
f2d199cf-bc84-4867-9878-3e0659208cbc;Goulash Seasoning;14.46
ea5588e0-fef1-4434-9727-415555afdf77;Mushroom - Chantrelle, Fresh;51.69
edd097a4-95e5-4544-9740-270e3aa07c5d;Lettuce - Sea / Sea Asparagus;17.73
acc3669d-f643-44f3-95f0-a05742be5988;Mushrooms - Black, Dried;65.42
c7e0d63d-1f2b-46d8-a0a6-35bb89fc33f8;Soup - Campbells, Classic Chix;14.33
1065571a-934e-4d2a-8553-ef4550ce5c26;Pail With Metal Handle 16l White;56.07
0b3f1e3d-ec16-46ff-a3e9-4f2b10c66e6e;Cheese - Mozzarella;90.67
0cf54ab8-9432-46ac-94de-165c969175cb;Chef Hat 25cm;12.34
a482e55c-9468-4d0a-8297-0b7baaf025d4;Icecream - Dibs;5.96
dffd1d64-2831-49dc-86be-0183bdcbeb79;Pork - Bacon,back Peameal;27.04
0995c64e-4dd1-45cb-9ab7-62651788d6b4;Bar - Granola Trail Mix Fruit Nut;21.84
976b6453-31bb-4a80-97aa-e187a9c5d3d8;Sauce - Black Current, Dry Mix;74.24
1a3267a8-ca9e-437c-abcc-f661215878b7;Seedlings - Buckwheat, Organic;15.35
5db8231d-a45a-44d9-bfdf-100de44b33b6;Gingerale - Diet - Schweppes;15.84
c3c2fe58-68a9-4917-922a-fcd14f659dcc;Brandy - Orange, Mc Guiness;96.68
3de8e530-44a5-4d57-b94d-c509176bf227;Wine - Cahors Ac 2000, Clos;72.15
b3e8517d-97c5-4285-8812-19b8fcf10908;Lettuce - Sea / Sea Asparagus;95.9
e557126c-2944-4d98-a423-450b879c4a02;Pepper - Chipotle, Canned;59.58
6da50b91-64d1-4f2e-af2b-3d116b99e493;Hersey Shakes;88.79
759d8a54-c678-4fb0-b3cf-daf7e9cfdf2a;Pie Box - Cello Window 2.5;15.01
514a1171-ccb6-4dc9-96f5-a5d29ff99a75;Venison - Liver;16.25
69a2975a-c483-4d2b-b124-8029dddc5d9a;Instant Coffee;46.94
b0640509-2693-42df-81e7-35cabbac7869;Honey - Liquid;76.4
82d8ed6d-d236-4c73-ac13-8b866ffd3027;Madeira;78.84
5306fd86-1576-4d6b-896f-12852162ffd9;Pecan Raisin - Tarts;27.65
59b635ee-2700-45e8-82fe-a14b2931d739;Melon - Watermelon, Seedless;96.29
8c5bdad6-be03-45b0-83ee-73c0f72b1220;Fiddlehead - Frozen;70.7
0928643a-b1dd-4976-8086-4fe499a37042;Onion - Dried;41.82
3dd0b11c-977b-4aac-9427-f04476d81b8c;Beef - Eye Of Round;67.81
7d69bece-b6cb-47fb-beec-26c0e781917a;Cookie Chocolate Chip With;95.42
f37e5fe8-158d-4199-8ab3-ada5dc545b4d;Beans - Black Bean, Dry;42.61
feebcdbc-4043-474b-864d-f205bc869111;Nantucket Orange Juice;48.78
f38296a8-129e-4b38-af9a-6957b638a100;Lettuce - Treviso;76.44
f8c29350-d42f-4610-af1c-beb924b50b13;Pate - Liver;32.63
d70169c0-ea0a-4bed-989c-85d8cdae6ab9;Wasabi Paste;98.8
fd01fbd4-c989-4455-907f-1a72a2d4f76e;Cheese - Cheddar, Old White;3.7
cbf2c6d9-2976-42ab-a206-ffe3b60974a8;Basil - Fresh;91.25
32d81c76-e2f3-41f9-b127-2a27322537ae;Kale - Red;25.53
3a9f5fbd-a2f5-4073-8354-39e604b17d74;Durian Fruit;72.43
6069e81c-ad35-470a-bc80-644688182d95;Raspberries - Fresh;3.46
2a885e67-1c79-47f1-98aa-34ebf6f69c47;Appetizer - Mushroom Tart;45.09
6dab6f9a-ca1d-4b34-8e72-55fac0f3768f;Beef - Ground Medium;14.54
6e61d23b-9286-487e-8c31-0375d258be80;Sunflower Seed Raw;80.78
c4a20004-8873-4d88-acf1-33edf6d95286;Bar Mix - Pina Colada, 355 Ml;8.03
04d1f523-5248-43ec-9bd0-1e78f1b4dd0d;Cheese - St. Andre;25.38
dd588985-7d36-4674-a102-510200f7f1d4;Tomato - Green;65.8
ef4d75d2-dba5-4dcf-b2a8-f17b339fd5d4;Longos - Penne With Pesto;50.47
db08b8b0-1168-4114-a3bf-9ac8c8e47f36;Pancetta;32.99
005d0b1f-a509-4523-81de-47025fe26957;Wine - Semi Dry Riesling Vineland;60.39
0238b8e5-0950-4262-b120-fadde919934d;Chutney Sauce;69.46
82eae7a3-6d43-4e28-ae46-176adb209eb8;Cheese - Pied De Vents;80.88
ee07c803-7e99-41e0-a23f-14e5394af385;Carbonated Water - Raspberry;14.63
4d9bd94f-c51b-45fa-a9ec-71b42c97a870;Syrup - Monin, Irish Cream;71.51
1697db49-d606-4c06-a7ea-164b8cf01d91;Soup - Campbells Chili;20.77
a8053780-83ac-4f04-abaf-943a50088cde;Wine - Chateau Timberlay;69.35
47398b59-ebdb-46d5-b910-cbc3e973c229;Spice - Montreal Steak Spice;45.27
7a063e59-b044-471a-badf-3e39310e7e85;Plastic Wrap;77.92
3444691a-bb51-4e44-9485-a97036216da4;Cheese - Asiago;58.93
3e9c8e20-1b14-4683-aff2-fa3e6c5eaeb0;Beef - Sushi Flat Iron Steak;55.87
a70608a2-eace-4451-af31-d6f20e439ce9;Beef - Tenderloin;98.19
d4bbb50b-a39a-4f93-8f64-ad2b60768549;Wine - Casillero Deldiablo;43.38
8f31441c-4940-4953-93bd-768762b8fd5f;Wine - Fontanafredda Barolo;52.93
6bd2bd2e-707a-4d48-8279-5ab63257ad74;Hummus - Spread;32.41
1f7dc73f-8297-472b-8b09-ed5c9ef61965;Bagel - Everything Presliced;2.76
160e8357-e645-4f4d-b5ff-17e9a1ea0fc5;Mustard - Individual Pkg;34.81
976e0b85-7a25-4a57-9cfb-4cae419373db;Yogurt - Assorted Pack;65.07
6aca79aa-d945-45f4-b752-a3d1513405ee;Chip - Potato Dill Pickle;13.68
0a6977ee-5638-4ecd-a115-860c0f18acdc;Wine - Acient Coast Caberne;46.47
5ad17902-1d5b-43e3-b69a-2fb165b7a91d;Lettuce - Mini Greens, Whole;29.89
537a218f-8a3b-42f5-bde9-4f27b87e7ba1;Pork - Chop, Frenched;44.06
04036417-a293-4575-b60f-0a917293945b;V8 Pet;84.59
64f76150-0db4-43d1-b042-070fc455182f;Pan Grease;62.66
f86c3ff4-ce1f-4efc-9990-91b4043b6d85;Water - Spring Water, 355 Ml;66.7
e509aa01-d481-4141-a6b9-c4d47e324737;Seedlings - Clamshell;96.85
7428c369-1b40-46dc-8de5-3182678f33e2;Glaze - Apricot;31.36
15cea04f-2c47-4d48-b63f-b02be0979741;Shiro Miso;98.23
b8a42706-4afe-4ba7-9add-10c2b616c4f4;Kellogs Cereal In A Cup;87.97
5c79f8c4-3125-4f2f-9a49-ce71e6e2eced;Wine - Vidal Icewine Magnotta;98.9
fbc384f5-a860-4cae-a43f-df98a7df1fe4;Curry Paste - Green Masala;65.57
62832169-8628-43c9-b4b0-35f2f64fe2b8;Cookies - Englishbay Wht;49.24
41456bf3-6935-48ff-926a-6ee4d00849b6;Lobster - Tail, 3 - 4 Oz;55.89
cc4dd985-1232-469b-ab6f-897b709beaf7;Nougat - Paste / Cream;50.27
bb8a2b55-23b2-4476-850e-5d7032c1779a;Compound - Strawberry;35.31
b3a21ae2-9e20-4ef8-bce6-d7ee0f9d43c5;Squash - Guords;64.94
15cc65f7-bb2b-497a-afe8-87864f387fe1;Hold Up Tool Storage Rack;84.25
d1dbdea8-dc96-4367-857d-0798467ce0e7;Bread - Pita;46.51
134de194-d9b3-41e9-b9b9-a8f0ada8f71c;Passion Fruit;90.71
a36ac9e5-f64c-490e-9acc-1cf42b33b76e;Cheese - Cottage Cheese;70.83
c351b974-87d8-4eb6-b388-edf2675bc38d;Nut - Walnut, Pieces;73.71
e15ad11e-1eb4-4fb1-89a4-226a31b98bb2;Beer - True North Lager;2.53
6cb43509-b09a-498a-b500-48626f73c8b8;Lotus Leaves;8.12
9b961ad1-5bea-44c7-aa2d-1c0111e18760;Laundry - Bag Cloth;18.22
f6776531-ddf8-4eba-afe6-e6b1bc5eea19;Pepsi, 355 Ml;24.61
62afba1d-096d-4b2e-9441-ba18c71aee41;Cheese - Comte;14.1
8289d2a4-a43d-42fe-9bbc-8fb4f70fd98a;Brandy - Orange, Mc Guiness;10.37
be875d9f-97b1-494e-9702-f9a23636e129;Wine - Jafflin Bourgongone;58.01
b64870c2-0a1a-4549-ac19-d57a5392164c;Wine - Kwv Chenin Blanc South;37.27
ce4a3ee4-9122-49b5-89b3-c7594ba77a98;Gatorade - Xfactor Berry;16.7
72e57788-4145-4d54-b2f1-c91afb035c1f;Veal - Knuckle;64.25
da9fd625-aa87-4902-93f6-f7c6bf3acaa9;Spice - Chili Powder Mexican;50.34
3945b605-b6f6-475a-8715-f1cec9341dcc;Tomatillo;37.67
60460a88-3212-4590-8f76-c07e637f7384;Ecolab - Ster Bac;57.7
778c2e54-f18f-4d40-b791-bb4df3c2a393;Garlic;88.37
20cb44da-5a29-40ba-9fc8-fbe28c58862a;Daves Island Stinger;68.73
d5f5f146-ab0a-4985-b6fd-bff5c8745c5b;Bay Leaf;76.3
6b30514d-b708-4f63-8a83-e67875488f53;Juice - Tomato, 10 Oz;76.14
37a29d8f-7439-481d-b058-41cd0222af88;Mushrooms - Honey;68.73
ccf9847b-766f-486e-bdc3-7b8dc7af1d11;Tea - Green;94.18
dbf29b96-a9d0-442d-a790-9e8f1118a80f;Chevril;28.87
ad7a314f-00ec-4d43-aa21-2c992e01bee6;Appetizer - Seafood Assortment;29.13
82488bdb-0b79-4f11-86f4-f31a747e4b16;Cake - Mini Cheesecake;39.82
87d75b8b-ee2e-4af0-811d-6a9d052cc2be;Beef - Outside, Round;15.28
fc260215-d857-478e-a8f9-d0876ccaf0aa;Lamb Leg - Bone - In Nz;38.88
4d7559af-00ae-4d59-9638-65ef51b722b7;Lobster - Base;63.95
c94fbcb0-9f48-4692-bffa-5fde524e890c;Lamb Leg - Bone - In Nz;35.55
599d6d3b-97f5-4dd5-bc28-3aca7daad847;Pails With Lids;45.72
cd206f84-1302-4e45-bfbb-8e383b18beed;Ham Black Forest;90.73
94b899b8-744e-498c-b565-cc31dcf8731b;Danishes - Mini Raspberry;32.18
636b3031-059a-4204-8382-c00a46fe4986;Peas - Pigeon, Dry;9.16
fc62ceaf-c12b-4e4c-86d5-57f0f75739f7;Table Cloth 144x90 White;59.57
c48e182b-b7aa-49ee-9940-527ca47202ac;Beef - Tenderloin - Aa;88.7
f0fa9eff-e49a-4520-bd5c-8602ae29b081;Tabasco Sauce, 2 Oz;7.06
624b749f-6eac-4392-91f7-c0230642fb68;Tomato - Peeled Italian Canned;42.64
05df4639-5158-4498-adfc-c9563ec1b45e;Pepper - Chillies, Crushed;2.83
f0ccc0f1-e9f0-4391-ac70-416d0a24a96c;Appetizer - Chicken Satay;14.58
76511768-fc1f-4dea-91db-e965f0c0d37c;Water - Spring 1.5lit;56.51
2b35c814-653d-49f0-9052-b4619f481237;Wine - Rhine Riesling Wolf Blass;76.62
941ea712-85d1-4f76-b7cf-1bc58ed9743d;Ocean Spray - Kiwi Strawberry;11.73
57f3e0e8-b104-4f14-b3f0-e9947d084c68;Carrots - Jumbo;43.73
415f7c48-2694-4848-96c6-ef052ade87b6;Bread - Hot Dog Buns;38.11
748b8439-5b12-4e96-8030-b16b2044b50c;Spice - Onion Powder Granulated;32.62
c3814322-5a22-4f00-889a-66b23ebc178f;Ham - Virginia;65.66
3c03c97c-cd52-4d90-b041-ef80cd78b120;Pate - Cognac;10.32
653b0855-9323-422a-aeb3-cf5e59716347;Madeira;77.67
c9ea0969-06df-4656-be0e-7a799709562b;Raisin - Dark;88.81
02110b9f-6a94-4173-bc7c-d84bafd17a55;Dates;89.83
be18a7f4-e938-409a-9580-39cc77eff269;Veal Inside - Provimi;48.34
1168bc11-1f8e-49b1-888e-1e7920a82433;Salmon - Atlantic, Skin On;18.97
e5c43d06-00b8-449f-8a87-b70914be28c7;Gatorade - Cool Blue Raspberry;20.22
5f3b0590-1728-4967-8735-dbafd7594d37;Squash - Sunburst;12.89
488df873-27b2-4cfe-8224-7bf3698c2e2b;Wine - Chablis 2003 Champs;17.37
1d40105e-da03-4dae-9ca2-4ffd0f0b9762;Laundry - Bag Cloth;51.13
d1678b76-8bc1-4f48-8688-8d2b3aa57353;Hersey Shakes;85.85
a5f8bb33-fe8f-455b-9c74-564b249207e0;Lamb - Shoulder, Boneless;76.95
98338887-b6d5-4e96-a442-ce1e3ab007e6;Cake - Mini Potato Pancake;90.19
86bb75b8-01cc-45e9-a0ad-4c656300e26d;Chocolate - Milk, Callets;14.94
ddef1240-0c5c-4cbe-9e91-e8dd39fe1087;Initation Crab Meat;58.17
3a059983-8f7a-4d27-8e79-c58587a8dfd8;Wine - Red, Black Opal Shiraz;68.73
17044c9d-ab78-440c-abdc-cc6e28315acc;Pepsi - 600ml;76.24
ce87349c-472f-4ca8-92cb-06b1d85fac57;Milk - Homo;70.25
0e565cf4-72bb-4cad-99c1-95d61793e8aa;Pepper - White, Whole;30.89
69f473d5-9a59-477b-921b-7d3161d5ec89;Cheese - Goat With Herbs;76.75
e1b62110-a706-440a-9291-04d2ea9e5101;Wine - Conde De Valdemar;69.64
68fd2431-06b8-48d4-8130-83e3e2066132;Tomatoes - Grape;12.24
c51821cd-2335-4566-a9b3-2f9cec0bacef;Island Oasis - Ice Cream Mix;16.22
8ec185ee-f691-40ba-9089-6e21a277d842;Mayonnaise - Individual Pkg;95.91
de5dfb19-f26b-4325-bf9b-360ae17d45b8;Cumin - Ground;48.91
c3be0bd0-12f3-43dd-9bd3-877f72f77990;Juice - Lemon;73.3
533af67d-2c46-421d-94c9-73e4eca8336e;Wine - Zinfandel Rosenblum;46.37
d5d3394b-7683-456f-a786-d8aec1ce6f9b;Food Colouring - Blue;94.14
5b151734-2317-48df-832b-2c838dcb50ed;Beets - Candy Cane, Organic;37.98
0c2f1256-c352-4f96-8919-ebb2ce77b10b;Cheese - Cream Cheese;65.62
36c5b45d-7c08-454f-9f95-54336d7a5ec1;Bread - Sour Batard;47.45
421c4acd-4e5b-41fb-90f6-188e1922caf2;Chevril;12.36
411602ba-cbe8-4073-a285-a8bd59d27c1a;Coffee - Beans, Whole;70.23
699fba92-a2c9-4740-8690-0830967811da;Ecolab - Hobart Washarm End Cap;28.43
fbb49c64-0f5b-4ac4-a95c-77c370e6e9a2;Soup Campbells Turkey Veg.;3.64
b3c4017f-3088-465b-851a-f6bb09f768fd;Lambcasing;25.31
d1716596-79d3-4f1b-b5af-6064bc448533;Lumpfish Black;89.4
bbcc7d86-9e84-4dba-9b9c-56d66ce59fbf;Orange Roughy 6/8 Oz;72.35
ee0e3714-cb75-4826-9e6c-c81c581eb3c2;Glass Clear 8 Oz;55.89
1843e7c9-022b-468e-95f1-eb63db7db099;Capicola - Hot;32.13
06aadb08-661e-4d91-bbd6-1fa16c2b94cf;Broom And Brush Rack Black;45.58
38214cae-a64c-458d-a120-b77567e96e8a;Oil - Safflower;76.62
8ea29240-d9a1-4b8d-a221-f463882d24c8;Cheese - Fontina;76.89
7d38adaf-04c1-4dd3-b53b-d9e2c6674e63;Lemonade - Natural, 591 Ml;66.84
c5479373-4fce-494c-8109-c93c4ab51365;Grapefruit - Pink;93.78
c8d23d31-7391-4e1a-b366-2297b9e5cdce;Veal - Loin;60.91
37c00134-8f18-488d-b6c4-b9c0ca197781;Pork - Bones;32.5
e56a5760-9e82-457f-bba8-7735a7947212;Sponge Cake Mix - Vanilla;13.55
a76b0937-8824-4109-8e72-0497faaa6386;Squash - Guords;19.88
b195193a-394c-4e1b-aef2-8e48529ba5d0;Brownies - Two Bite, Chocolate;81.34
d6fbe699-21f9-4e19-bd07-9f308f17c6e7;Pomegranates;55.42
ac0c3eb8-ac4f-4893-a28b-abd7fcd82164;Veal - Striploin;52.18
ae77d098-ca3e-42a7-8700-4e52fca6d0f5;Soup - Cream Of Broccoli, Dry;64.92
9b82b3d8-89dd-49df-86ec-2b685d06e298;Basil - Seedlings Cookstown;39.91
18a3b00c-1d52-43b3-af0b-6e4614826694;Veal - Loin;94.52
041c049b-b5a5-4671-926f-4eef77fc55bd;Pepper - Green;41.32
1bae254f-df26-480a-a04f-77174dcdd835;Cod - Black Whole Fillet;27.92
0f18fb29-9cd8-42b9-910b-931b2c8da291;Shrimp - 150 - 250;5.7
f0aafb97-482b-469a-8726-80ea3147086c;Stock - Veal, White;84.39
1dfe03b5-50c7-4ffe-a16e-a62acc5f7778;Appetizer - Mini Egg Roll, Shrimp;59.63
323ddbdd-63eb-488d-a1ae-b77155cbda5b;Silicone Parch. 16.3x24.3;86.83
ab107d4c-9097-409d-8326-a45b6eba7725;Vinegar - White Wine;4.84
7de4aeab-836f-4513-b0da-5e8a8de41e3c;Juice - Cranberry, 341 Ml;72.98
86b3294b-f8e4-46a8-a890-e26e4acc6054;Yogurt - Cherry, 175 Gr;56.06
95d1fc8d-21b4-4391-844e-09cebff716f1;Soap - Hand Soap;4.35
5265519a-64b1-4e9c-b253-66e363356cef;Grapes - Red;66.55
a685bbf9-f958-4ddd-bebf-1c35b4c76c09;Sauce - Roasted Red Pepper;30.51
e81d95d8-327b-40df-9a22-0263e263ce30;Fish - Halibut, Cold Smoked;21.55
764954c4-b43e-43f1-bc0b-385880e9c150;Basil - Dry, Rubbed;29.3
adbff00e-b4aa-4972-883d-0e41fe3e6c1f;Swordfish Loin Portions;15.47
fc2de0be-6673-4747-8b62-c2a0edb4e900;Parsnip;96.52
4e631027-9c2c-4630-9ca1-46da4e01a4ab;Squash - Pepper;79.83
efa5ce39-efd3-4a28-9a5a-7e23c5438f3f;Juice - Apple, 1.36l;44.68
b2e22914-ebde-46ef-8564-c83e95dbe0f5;Parsnip;77.12
e53e60e5-233a-4f98-bfdb-9b5d47490438;Crackers - Trio;25.98
e81d6273-17c6-425b-afad-6ec9cdc8a83b;Wine - Cahors Ac 2000, Clos;38.83
101dd522-c8e5-4a41-a5f9-b9579bd09d7a;Coffee - Dark Roast;74.18
cd98c893-03d9-4889-ad65-510141fac557;Apple - Granny Smith;17.49
68a2ec66-4e68-4834-b1c1-bd50d4b1dc64;Shiro Miso;32.21
0ec1f7d2-6a9f-42fc-b455-00c01efe60c7;Beer - Sleemans Honey Brown;3.37
e257d69a-a9fe-47c5-a4ef-eed4809a16e1;Tea - Jasmin Green;1.97
cb1e0a03-6172-4538-9c92-7b62bcc2fc48;Cheese - Brie, Cups 125g;51.53
3428613e-d5b7-448d-b239-b3107f5cf794;Wine - Magnotta - Bel Paese White;31.39
70ce4176-7c0b-480e-b9e4-73c44158b212;Teriyaki Sauce;11.41
2c3f31a0-8d1a-4a20-802a-7b7a13e4c858;Paste - Black Olive;88.57
9becdd58-312f-456d-b24b-05fd9ec6ecb7;Compound - Raspberry;31.41
b80f56fe-34c9-4d86-b174-16ff331ffb96;Tray - 12in Rnd Blk;20.07
ee765928-afe1-406b-9058-71cf952fe0e8;Yogurt - Blueberry, 175 Gr;55.38
4e257649-ff30-4fd6-9888-71e7c0ef8a78;Flour - Masa De Harina Mexican;83.12
6038620f-2a8c-4c2b-ab73-36334e6ef9be;Lettuce - Baby Salad Greens;72.6
59374384-b486-439e-a71b-c48f33d50282;Tomatoes - Grape;5.12
7755a606-7864-4873-9a0d-b213062f0c00;Goat - Whole Cut;48.45
ae05fbe4-2963-453c-a1c7-92adca8f6a35;Wine - Carmenere Casillero Del;16.0
beee1ca4-75b7-478b-9b46-ab3b29bcb17e;Ecolab - Hobart Washarm End Cap;77.22
d50bc97e-359b-42f6-8d53-9937c0446bf1;Bag - Clear 7 Lb;17.92
fb43129d-4d35-471c-beec-2937cd13ea7b;Flower - Daisies;63.66
baae1284-e66e-4e32-b7a9-1f45321956d5;Seaweed Green Sheets;44.02
41138878-da9a-4b58-acba-6b4c3b73f76a;Pork - Loin, Boneless;59.45
90794a3a-5b49-4cf8-84c2-c3e9cf74710a;Stainless Steel Cleaner Vision;36.63
5d947a3c-9f9e-4382-be6a-8f9529db9e3c;Puree - Mocha;35.27
402f9155-1aeb-4489-948e-f5a2cadfb33b;Iced Tea - Lemon, 340ml;13.14
0a0a3f6b-6311-45ec-a09f-fb0d69d3f1c3;Beef - Rib Roast, Cap On;3.53
0a40cbce-b238-4dea-9722-f21468ed08b4;Egg - Salad Premix;49.68
53ae3c6d-db05-42e4-b878-aa8bb0467f5d;Thyme - Dried;82.46
c487f81d-2b4e-4b20-b7b4-627d68ac3ee9;Bamboo Shoots - Sliced;25.59
31594670-a5e2-4741-a2c0-16a0c755c627;Wine - Blue Nun Qualitatswein;4.62
34f5f2da-8bb6-4d40-a7b7-e28b22c7a509;Smoked Paprika;10.59
72b0aa20-6e99-472e-abde-54b27fb5de41;Wine - Chateau Bonnet;22.19
e416eb07-557d-494f-8f65-416e54f22994;Lentils - Green, Dry;34.55
5066500b-434a-4f48-a527-0ad01dd5301a;Sping Loaded Cup Dispenser;3.23
0d828aad-ce0d-4bd2-9f7f-bd4987b1eb30;Pepper - Red Bell;1.82
d0b3eacf-848f-481f-8489-54fc1272a86f;Baking Soda;73.21
96b6a651-9512-4489-86df-477f0122c5fd;Juice - Pineapple, 48 Oz;65.47
6b6c3721-d51c-4ef8-a2d2-049171f3da8b;Langers - Cranberry Cocktail;92.3
417a59bc-47ae-450e-b912-1b0e10bd4a30;Pork - Belly Fresh;6.87
65452c04-31a2-4a73-af14-4d19cc22fb60;Sprouts - Pea;5.41
ba08f902-a7bb-4e59-831b-df5d4f9fc319;Eel Fresh;4.15
0a4f2a1d-fe76-43ea-b2b0-a69bd59a0333;Pasta - Orecchiette;80.11
3bfc90ca-b4b1-4a14-9c97-4e67e47c9a0d;Sun - Dried Tomatoes;47.8
a82f43c8-1a3e-488b-b722-7de6cf85a29f;Muffin Chocolate Individual Wrap;54.76
7b292313-014d-40b8-8baf-2967ca465215;Chestnuts - Whole,canned;32.63
8eebe18f-219b-4f78-8b9f-7ad7718ba0d9;Compound - Strawberry;46.01
7c2ddd35-929a-44d1-a042-9819da5703bc;Bread - Bagels, Plain;6.82
d63c722e-5cb6-41d1-8a61-f99ffea79b0d;Eel - Smoked;18.17
3f1f70f1-f37f-4fd5-8284-dbfd3c3d3277;Vinegar - Rice;13.9
be9cfab8-a4a9-4b8d-b4c9-0a5152074226;Swordfish Loin Portions;89.28
69bc93fd-b916-4ef7-b6be-aee962999d02;Oil - Truffle, Black;91.51
e97d7124-d24e-4672-b3e2-abd6099a6bb1;Shrimp - Prawn;80.4
21cf6aad-7a1b-4849-8418-ac53a2cad519;Pork - Hock And Feet Attached;14.15
1d692377-1b60-437c-bf73-c0f871f73f80;Sprite - 355 Ml;7.35
5b20509b-d3e0-44e7-bb2f-e6137a4df1d6;Tart Shells - Savory, 3;65.24
fe3505af-bf0e-424f-9452-37323b30be30;Limes;13.78
28163123-7cf6-43ca-b869-47bbb4c50d1b;Pan Grease;46.18
53e8bd0f-f9da-4d94-9cf7-a7e03dec5130;Doilies - 7, Paper;59.96
6e880486-5641-4fad-bb88-30346056a158;Cheese - Bocconcini;93.47
5176d60b-ea99-4a62-866c-215a3ad00664;Instant Coffee;32.08
1a889d27-0f07-4ba1-ae30-10e1e976d611;Rosemary - Primerba, Paste;20.94
0ace230b-51ac-4d48-9803-1bfd8fed9aa2;Campari;43.01
efffd419-121e-431a-906c-68ff2126cb9a;Smoked Tongue;19.35
18b21af1-1ac1-4fa4-a00e-446874b0f51e;Tabasco Sauce, 2 Oz;44.79
1b6fc46d-50e8-49d3-b184-a6277ef7b915;Jolt Cola - Red Eye;38.01
c70330aa-754b-4d1a-a95a-b3b6edb4a961;Island Oasis - Mango Daiquiri;10.53
68a09701-a0af-4d0b-8c0a-0f0da708891f;Puree - Mocha;73.56
0214b7c3-a14b-4fa4-9fcd-a8ce84b98c55;Dip - Tapenade;83.94
d87e6891-0829-44c3-b3ad-14aa5bbd944b;Wine - White, Cooking;9.89
4fac9f22-8019-4314-b2f2-4cbf6c79f720;Cinnamon Buns Sticky;99.1
56335a3d-4387-4acf-948d-5a772539c5dd;Rum - Dark, Bacardi, Black;84.36
a4b25195-2117-46d1-b9bd-49d971fa85cb;Muffin Batt - Blueberry Passion;7.72
852bdf24-76d4-4b06-aa4a-8d4bebc73dca;Grapes - Black;62.03
bdf375e5-e0a1-47e0-8d00-33dca8594a88;Pasta - Canelloni, Single Serve;16.43
84b8783c-f79e-4a35-808c-ec7015049bf0;Wine - Magnotta - Bel Paese White;75.91
8f105f72-f21e-42f0-a79c-cb24eed494bb;Pasta - Fettuccine, Dry;92.09
718d841e-c489-4ba8-a87d-f18aa480818c;Soap - Hand Soap;38.39
7215512c-a18b-4f5b-a9fd-c1fbea67ae33;Coffee - French Vanilla Frothy;15.21
ac1ec059-0dc4-41d0-bb80-23c102bfa93a;Kale - Red;57.8
b1d4d6b3-6c86-46bd-9895-a0b0bba63e32;Foam Tray S2;77.53
118eebda-15a8-48c6-8b96-bd9bc057939d;Skewers - Bamboo;56.02
9c06b113-dfb5-4195-85bb-764b2e870e18;Chicken - White Meat, No Tender;64.28
081472fd-0f10-4f49-a625-b34a537fe214;Beef - Tender Tips;66.75
205e759a-56d6-4af3-bbbd-bc0dfd4ef647;Shrimp, Dried, Small / Lb;7.5
15e4a221-65e4-4054-ba5c-3eb1db6d6b67;Jagermeister;40.68
2e3844e1-9ccc-4431-9fca-2bd043953d04;Beer - Sleemans Cream Ale;36.2
1645eb86-d65e-4d75-a691-fb2fb849a458;Pastry - Lemon Danish - Mini;4.4
63c07945-e455-4345-8594-e7870fab4c53;White Fish - Filets;48.99
d8a189c9-a522-46e8-b1c7-9a5d08617902;Jam - Raspberry;8.04
d42d7126-554c-498a-8304-1aabc09304f4;Mushroom - Lg - Cello;92.05
a09e6680-e192-48a9-a0ba-7e95d01dde1a;Wine - Conde De Valdemar;85.54
2b6c34b8-f0c2-4c23-a748-07e5c5ff7894;Nantucket - 518ml;24.18
ba647655-17d2-4035-9bf9-acad8c4f28a8;Artichoke - Fresh;48.76
3206696e-b0ee-4150-924a-0141287a6d00;Pastry - Baked Cinnamon Stick;61.32
87106153-7de6-40c7-a4dd-2a2011ba6cf1;Soho Lychee Liqueur;29.16
a9a7d97d-e8b7-4073-8686-fa6f372da4fe;Raspberries - Frozen;58.09
185daa22-2937-4d50-8c14-c653d321f853;Filter - Coffee;85.65
15519bf3-5be9-489a-9954-a970efb0dee9;Cake - Cheese Cake 9 Inch;95.1
283f98be-f8a0-4966-a7e0-6276a97fb3cd;Turkey - Breast, Double;35.8
8a50899a-2bac-43c0-865f-30fbaa92de38;Spice - Greek 1 Step;29.75
ef68dd89-d338-4b48-b41f-576d545eaf12;Tofu - Soft;10.69
2ef716ef-cfe4-488a-b540-bcc2a677a3dd;Towel - Roll White;40.74
88e893cc-0397-4c1e-88c6-ed8478be491f;Wine - Gewurztraminer Pierre;59.51
9752ac10-8371-4ceb-a7be-f42732c93bbc;Veal - Knuckle;85.07
d65ff737-1e92-4dfb-a4fe-ef3e7d34ddb3;Goldschalger;56.66
f8520ddb-fd32-43dc-b292-61e7c7e61a4f;Kolrabi;7.12
60473e50-5c89-45c5-840a-d13f911a4dbe;Salami - Genova;39.88
abf9312c-0fc1-47df-a085-d111acc3f646;Squid - Breaded;54.2
7329d2f7-05bf-4d0d-971e-0dab52bb4a3c;Appetizer - Mango Chevre;82.64
1c45218b-a982-4f9b-bbf2-a01f9a0ce757;Mcguinness - Blue Curacao;29.89
65db03ed-f56d-4dc3-b7ae-9fcc6419517e;Cake - Pancake;15.01
5a0d0640-9f27-4c94-b310-1c340fc49782;Bread - Sour Batard;20.51
4c3a779f-225e-4be9-986e-c501254badd7;Wine - Delicato Merlot;68.71
9564c858-8ce2-4bf7-b117-bea708db96e0;Venison - Liver;95.82
5e27df93-98fd-4136-945c-d2f2a4d40768;Pork - Butt, Boneless;95.55
fac6904e-9d42-4028-95ae-17b293b6c82e;Bread - 10 Grain;56.43
6bb9a00d-fa44-44ba-86fa-60682faef6cb;Smirnoff Green Apple Twist;1.04
18346f0e-0a4a-4cbc-85b1-991a19f2b924;Wine - Pinot Noir Stoneleigh;29.4
ef939585-5531-498a-819e-771ca779ba52;Raspberries - Fresh;82.52
ffc11622-5d54-4821-bdf8-34c0bfcf82f6;Beer - Mill St Organic;92.32
950a11b9-1182-4d32-b650-e01f9c9a0e18;Bread - Hamburger Buns;25.82
8b93a998-245d-4d3f-a86d-7e6daea56a96;Bonito Flakes - Toku Katsuo;94.5
5262a49a-bb3e-4561-a441-783d2edc6666;Duck - Breast;66.78
150c262a-e5d3-4604-bb18-bb4467199a06;Spinach - Packaged;17.78
411349ca-d232-47b2-be7b-b50ea9b48621;Oil - Macadamia;18.84
fb1b1278-a9cd-47c0-9663-19914b16463e;Pate - Liver;35.59
1c4baebd-137e-4554-838e-b546d2dbd504;Soup Campbells - Italian Wedding;35.65
a6254902-a66b-417d-90ce-7b6e147082c3;Soup - French Onion, Dry;11.69
3473552e-941f-47f3-98ad-7f858aa47dbd;Island Oasis - Sweet And Sour Mix;30.55
c362d1ec-3426-4204-a70e-b1a36ad792b6;Lettuce - Red Leaf;72.74
3b2fa368-8d89-4072-9690-94b1f3fa027c;Mince Meat - Filling;86.35
d264b744-771e-41ac-923b-abb70491f32c;Banana - Leaves;64.66
e3a35f16-27e5-4c24-99c5-bbab22ae81a0;Rabbit - Frozen;31.02
cd258a18-7377-4bc2-8463-3a9cd0c1efe0;Lemon Tarts;78.68
a051f9b8-9c23-4207-bf5e-c4631a876f54;Bread - French Baquette;5.34
9c31bb4a-1cd1-4202-8d6e-ad4413147903;Cranberries - Frozen;58.05
aeb072ad-d0a6-4610-bd0a-77396664df32;Goat - Whole Cut;88.92
33313ac9-620a-4382-b659-cfde297b20b6;Scallops - U - 10;79.58
e4cc2f40-80a7-4618-8518-d31f5e829952;Table Cloth - 53x69 Colour;19.09
75ecff06-6455-4999-8096-b46429e8c4b2;Transfer Sheets;12.79
2084ca05-75d7-4be4-95ce-ca13c4569aef;Tequila - Sauza Silver;5.12
35ce7d71-0efb-4cb7-a5af-45a520316752;Scallops - In Shell;1.64
bc506856-e266-4554-a461-9a312f415b0e;Kellogs Special K Cereal;1.83
7ccd2673-f1b2-442a-a26b-cf89898bc6f5;Honey - Comb;81.76
643ddacf-44bc-49b1-911e-d5152cb7dc13;Cranberries - Dry;68.53
cac13ed2-205f-429d-86cb-7d7c0f8f4b04;Crush - Cream Soda;23.25
59e9b2aa-9fda-4ae4-96d7-7ba632ae74fd;Mcgillicuddy Vanilla Schnap;39.18
acd1200c-2bae-49ad-8e34-cd76a06f5476;Mousse - Banana Chocolate;83.61
5d19c825-cd4a-4e60-b129-c88b8cee6f84;Wine - Prosecco Valdobiaddene;2.94
398aac76-fc5e-48e4-bced-37e126cf5c1b;Crab - Meat;61.5
51982e62-fb93-49c8-88a5-5d6a35e584be;Foil Wrap;10.64
fb6c745f-58f6-4e64-bbde-cb7e691f54bc;Napkin Colour;97.96
da9cbe81-92c8-4bad-bd7e-fd4727fbe124;Nantuket Peach Orange;99.13
da976dc9-d75f-4f02-b9d5-a538d457ffb1;Avocado;79.45
76185d9c-cb84-450e-8a83-5a732d4ab7e4;Beef Striploin Aaa;25.26
7bd25c64-23bd-4228-8405-e7160bec1af6;True - Vue Containers;2.2
d78c5145-0132-4dec-8600-03d7794a454a;Pepper - Red Bell;40.96
632bfa18-fba9-4f32-9a45-749c05430728;Pasta - Shells, Medium, Dry;58.37
35c60ba5-d242-440f-b782-4efecb0e2bd6;Uniform Linen Charge;93.64
ca271692-5ab9-4e93-b844-19fbc07b6131;Beans - Kidney, Canned;32.38
b13ed34c-138c-4ebe-ae5f-3618f4dbfa10;Sprouts - Peppercress;64.56
8ad635d9-260b-462a-b870-5bf6c331e0f2;Petit Baguette;76.55
177218d4-b8c5-4a03-b943-7731bf7b9360;Rice Paper;59.61
7506837b-cb41-4276-a58d-40bf2a51be26;Bread Country Roll;54.01
13257362-1bb9-45c6-af11-aa3e96e095c5;Orange - Blood;77.08
1c881bcb-4126-4ed2-87d7-3e88ea57bdae;Pasta - Elbows, Macaroni, Dry;70.13
198ddbbd-a369-40bc-afc0-fb3021e52f51;Ginger - Crystalized;78.44
ba7ab584-7f9b-4292-b183-b33dba15fb3d;Water - Evian 355 Ml;11.96
cc3287c3-19e5-4663-bed7-d063a1279c38;Lettuce - Red Leaf;66.19
89cbca9a-fc4a-4939-834f-817f3d058bfc;Tea - Jasmin Green;44.86
c00da0a0-72d4-448a-906d-d44dd83df8e3;Sugar - Individual Portions;23.34
ce1d59da-e55f-4fce-b088-ad8c7c7cb8f9;Swordfish Loin Portions;84.46
b1a7327b-ffdd-43bf-8c4f-d05ed022bacf;Chicken - Thigh, Bone In;57.83
154c9639-3e3d-4917-b1f8-ed9c8c8a94fa;Lighter - Bbq;23.65
40ef4e5e-2f2a-4549-828f-c23f5d3951ab;Sauce - Black Current, Dry Mix;89.15
438ff0de-1ece-489a-b8ac-1ca40b1bdfe5;Salt And Pepper Mix - White;58.15
6c2c2204-1e3d-490b-ade4-625c305eadcf;Lemonade - Kiwi, 591 Ml;53.18
5f0859ab-86f8-4593-9b20-20554a37bc14;Table Cloth 90x90 White;74.42
7428f6f5-c23b-44b0-adac-214ae2d0cd3d;Chips - Potato Jalapeno;26.33
f910f624-6887-4b6e-88d7-2066fe97b781;Marjoram - Dried, Rubbed;67.39
c2732e25-021b-43df-ab56-a769708a299d;Chicken - Base, Ultimate;36.89
b817ea85-1151-4584-87c6-65a14dca7fb8;Cauliflower;99.4
62c599c9-77df-4949-8938-70e8699d196a;Emulsifier;59.99
cd9d1ccd-f1fe-410f-887e-a68107612203;Veal - Insides, Grains;67.84
62d795e8-d221-4c1e-96f5-8a9f6c9eed80;Tea - Herbal Orange Spice;18.26
7f3ac416-686d-4718-ab27-422b7851ca56;Wine - White, Colubia Cresh;47.15
9fedd921-ab9d-4940-9117-1c9363542810;Lumpfish Black;66.93
1f79659f-ad8e-4669-8eb5-da06b5434791;Wine - Cahors Ac 2000, Clos;84.99
9cfa146c-f940-44c0-b6e9-96ea19d31581;Water - Spring Water 500ml;62.31
fcfb6070-450f-44fd-9e68-3709be973659;Garlic - Peeled;23.86
a08d52e2-f7c7-4296-a6c2-e5a24cf1275b;Huck White Towels;45.86
9acbe212-e927-4761-81ec-04ab3019a9d5;Nectarines;64.64
6271ab75-e8f0-49ac-a518-81d0fc81b61a;Longos - Grilled Veg Sandwiches;21.31
e4e94465-ba00-45cb-a145-6ab415a76e7b;Snapple - Mango Maddness;17.87
99127c35-e527-4c4c-886f-3b33ed448efa;Shrimp - 150 - 250;11.25
1c15fcd8-eacb-41b0-ab89-113b206fde40;Veal - Round, Eye Of;21.23
029e1610-a591-4033-b020-683ce2c980d1;Lid - 0090 Clear;56.17
958cf615-61a3-4e32-9f2d-4fce3fbc4330;Garam Masala Powder;28.11
21b4182a-a1af-490c-93c6-46db3f1815a4;Wine - Clavet Saint Emilion;39.19
b501c864-58dd-4661-b64a-aaef90e185f2;Currants;99.49
63b79497-4c8c-4559-b6f5-85dcf21d79e4;Napkin White - Starched;77.73
cfc9ae25-012a-4a5a-a00e-0e579814c3a6;Aromat Spice / Seasoning;51.17
d3baab8a-dc18-46e5-8643-fcd86e8005e1;Sansho Powder;21.28
43354955-c163-4d90-9664-2400fa42756e;Bar - Sweet And Salty Chocolate;54.27
062eece6-4da2-40f5-957c-dd85dd9f735c;Cakes Assorted;52.4
6933a290-e5e2-4cbc-bc3c-7880e09f1c81;Snails - Large Canned;17.82
c8a094ab-eef4-4475-b497-c2e5992b8df8;Split Peas - Yellow, Dry;59.86
89cca379-03a0-4a70-98f6-76d5d02efc6b;Juice - Apple, 500 Ml;66.28
7f3116fd-3771-4cdc-9c8b-4b77a387f9bd;Muffin Mix - Corn Harvest;62.26
e1a228e3-0339-4b39-8282-fbc85e863770;Sloe Gin - Mcguinness;22.02
0f632bc3-2bb4-4fca-b290-30be014e70f8;Soda Water - Club Soda, 355 Ml;83.04
f86b260b-d914-47a1-81b0-ec41d7a5d116;Caviar - Salmon;5.51
882414b5-95d5-4e2d-9f71-5cd3ad8cd51b;Tea - Grapefruit Green Tea;15.98
791fd246-13a6-45bc-867b-b5ac158f3cb5;Wine - Jackson Triggs Okonagan;47.71
a2f8424a-e1b8-4d6d-97b5-ae91aa2498a3;Sobe - Liz Blizz;61.93
ba6a88a1-1d7e-4ed2-b995-8947bd39bb31;Blackberries;49.36
62243945-4052-4d84-ba4b-c076563f0c57;Bar Mix - Lime;56.97
59f9a166-4eb3-4cbf-82bb-e1ce0f1eb08e;Sauce - Ranch Dressing;26.1
1a18060d-5f88-490a-93d4-a6936e1e3636;Artichoke - Bottom, Canned;71.31
bce83817-277b-498e-a8dd-26a03d8bb1a4;Potatoes - Pei 10 Oz;6.59
4cd8b93d-6e9f-40e4-b30f-9b0ee98498df;Longos - Greek Salad;25.52
0a4281e4-2bc8-4869-ba96-ce4d4bbb60bd;Steampan - Lid For Half Size;28.49
675a9325-bd55-4768-97e1-d708234731a2;Melon - Watermelon Yellow;73.42
14cf829f-ff2c-43f2-b35d-4438355c7631;Peach - Fresh;59.4
65ef1513-4b56-41e7-b48f-3e8c9feeba21;Pur Value;74.41
5bdd5f26-b36a-4f20-be93-8cc6c0f0f7df;Potatoes - Parissienne;65.65
310cf045-5cc5-466f-bf48-f99f5d9f5eb6;Wine - Casillero Del Diablo;64.47
2eca353c-3e34-4135-9f6e-5711ba82ef1c;Nantucket - Carrot Orange;63.51
8a38e66d-aba5-4bd6-8541-2f158a8703bf;Juice - Cranberry, 341 Ml;62.08
2ba62a79-26e7-43a1-827e-4ec00fbac4d6;Wine - Trimbach Pinot Blanc;96.8
e88d020e-d305-461c-929b-c262cd9c81fa;Pomegranates;11.23
27551dcf-41f7-44cf-b1eb-c7dde1e96df2;Orange - Blood;39.72
40808bdb-a034-468f-9141-e27a6bc91c8c;Bar - Granola Trail Mix Fruit Nut;59.63
6df6fd72-cb49-4d78-8141-67fed72ad2c5;Beef Dry Aged Tenderloin Aaa;84.62
4ad76ff3-d071-4851-a2e0-339178b9630a;Veal - Knuckle;44.9
22c76bf5-ffbf-4943-9abf-823344457f21;Zucchini - Green;4.98
bb00e11e-54c1-4c4d-b4ac-d2d622d81d8b;Sauce - Hp;34.69
702ac5be-0417-4a78-8e8c-4d6bea2fa966;Tart - Lemon;23.84
162cb5d5-8651-48d3-ab98-61581580f6b9;Pickles - Gherkins;72.02
bfe8e5ab-b709-4380-a8dd-76a0b3fff62b;Beef Flat Iron Steak;77.17
32818ec5-76df-432c-861d-97f879ad4da8;Baking Powder;48.45
04ed6c3c-9e8e-4559-bcab-dbb807c0a2ad;Wine - Rosso Del Veronese Igt;38.57
ffc09869-e364-4bf0-8f0a-65ffb6ab8688;Wine - Mondavi Coastal Private;9.91
585f3cc4-2cf3-4372-96f4-988405f69d19;Chocolate - Pistoles, White;8.99
10bf5ffb-3f02-4c0f-b33c-d3525b89badf;Yeast Dry - Fermipan;82.75
f4f8e894-3239-4a6a-b087-f2a593e1bb15;Quail - Whole, Bone - In;68.93
303af2c0-4db7-4da1-b345-5fa5d5fdeeff;Cheese - Augre Des Champs;43.66
8766a48f-31a2-4250-9a1e-d7aa32d308de;Bag - Bread, White, Plain;38.47
fe62dbb1-e1a3-444b-bd1f-33daf2961117;Vermouth - Sweet, Cinzano;64.39
14d02232-f5ba-45eb-a17d-85c6d15da797;Pear - Packum;28.63
cf1b1c65-5bd6-45d5-bec4-e8563c4e8108;Mushroom - Chanterelle Frozen;3.25
cfa99fbb-1952-4ea7-9337-f7be9ddaf5eb;Napkin Colour;37.3
6e668f34-643d-4544-8bca-3f9a20e31691;Apple - Macintosh;19.41
30d8acd5-4506-4fb2-85d7-2819e6fec826;Beer - Mill St Organic;99.84
f49581ad-b6c7-400b-bc4b-3eb84b654e54;Marjoram - Dried, Rubbed;52.75
d96fd8d6-4da6-4fb6-bc26-6831e7553349;Scallops - In Shell;11.84
2876523d-e981-4671-9927-8229c3ea5b81;Bread - 10 Grain Parisian;17.04
b19f7e83-0105-46a2-b260-5dc412e09d09;Maintenance Removal Charge;11.99
6abf9520-72a1-498d-b53d-2d35d3d77edb;Juice - Pineapple, 341 Ml;91.26
9aa450a9-94c0-4382-a933-2385b6c03539;Honey - Comb;12.68
003101dc-212d-4d64-8483-ea2c26b31c46;Cocoa Powder - Natural;35.76
037b8228-c9bf-4120-a227-e8818fd9a002;Bread - Raisin;43.15
a27dddcb-aa14-4c0d-b32f-ddea31249a23;Pastry - Banana Muffin - Mini;46.73
0c67ca99-4daa-4928-905f-1e37d76707d6;Lemon Grass;10.52
468063f7-b123-4c21-b90c-5ae5e7e677dd;Mushroom - Chanterelle, Dry;94.17
d0ec2c76-5a9c-4479-b179-ade13dbe447a;Cheese - Asiago;50.27
01505bc0-42c0-4bcd-a3d5-c9552c75c51f;Cookies - Assorted;6.96
021ff9bb-35d7-429f-b28c-df3b5fc80f5b;Liqueur - Melon;46.96
84ed8792-99cd-4ae2-96cb-b3eb2801532c;Ranchero - Primerba, Paste;55.29
0a08d9ef-d886-4255-9b61-b9bc494f099b;Pasta - Lasagna, Dry;39.11
dc172e00-6903-4d30-88ac-e5e7aeb4b35e;Stock - Chicken, White;81.13
8b512c7e-34e9-48e7-a3a5-99a95ec6bd7d;Spinach - Frozen;60.89
e4fd520e-c2ae-4f45-9f01-40afd3b127ec;Soup - Knorr, Classic Can. Chili;30.54
8b5f6f38-25ba-4a12-ae64-37f0d89037ea;Cumin - Whole;9.29
22eaa78b-a7fa-41b3-a61d-ab2f21519867;Celery;90.34
daf6bf71-90bc-4a49-9d3b-d1cdcf996c65;Bag - Regular Kraft 20 Lb;16.14
bf2b345c-4830-4cca-8a02-5d4b9e11d61f;Cake - Bande Of Fruit;26.57
d6a61bb6-185c-4fc4-9eb5-76851f486ff9;Tart Shells - Savory, 4;25.18
49d1c718-092a-46b6-8e7a-98285014ef95;Bread Foccacia Whole;57.76
e8fd204a-e2d6-4709-9a59-15e0e6f1129b;Sauce - Soya, Dark;49.8
fe51c8e5-e0f3-4b9d-854a-efee313d88ce;Lamb - Loin Chops;82.65
55a62651-28f1-43ac-a7a0-27a5b15912e2;Carbonated Water - Peach;7.73
c49cf0c7-0684-4379-b795-aff08b8281a9;Soy Protein;88.79
f0468567-7250-4d9f-a6b7-713d494c7455;Madeira;3.55
ed53f410-4147-4cb9-b12e-f36900de9ded;Cheese - Mozzarella;95.22
a72195ec-9648-4123-ac75-c5406da3cd66;Sauce - White, Mix;41.48
ba015869-ec3e-4ff5-ad2c-c43b1b4d842e;Cardamon Seed / Pod;53.58
0d114f76-8c38-47d9-8446-9729b9783e70;Parsley - Dried;14.56
97ffca18-d227-4881-91f8-2326704ca78e;Yogurt - Cherry, 175 Gr;4.79
63f8e0d3-df15-4d9d-b918-7416ccdc5805;Soup Campbells Beef With Veg;70.9
62188593-43da-4893-a473-edf3eed554fb;Oil - Olive;18.2
b87c4784-c46d-4227-8ff7-2f33c8a9dd65;Ice Cream - Strawberry;79.02
bb996acc-12c0-4b93-b150-1c9a1855cf4c;Duck - Breast;43.53
ba2fc534-d7d7-4033-b0e5-770ea54b1326;Lamb - Pieces, Diced;7.98
d1d273c6-fefa-4363-9774-7f7071e21fd6;Pike - Frozen Fillet;20.46
17757081-75f4-46d4-be61-edc9ad6cacea;Apple - Custard;27.93
cbec70c7-b9cc-47c1-8723-9de253d9b544;Bread - Roll, Italian;39.95
b30600ae-ec3e-4b61-8aa9-143b8267294e;Vermouth - Sweet, Cinzano;19.13
1d1fe9cd-d6e8-47ad-b3b6-421734cf82e6;Vodka - Lemon, Absolut;35.19
ecde4398-0551-42bb-bc21-591d77fa6517;Pasta - Fusili Tri - Coloured;23.07
9bf6fffd-db18-4f19-80b2-eb9aa18b47a3;Potatoes - Instant, Mashed;52.61
9a8fb134-3e41-4c44-beaf-55ab7f42630f;Lid Tray - 12in Dome;40.81
edae2189-855c-459e-aa9b-f0993f7d7809;Aromat Spice / Seasoning;53.46
62501a8e-2afd-4974-9d78-7673dad0e6e2;Tuna - Loin;48.88
f2ce3b9d-d2a8-49de-930e-d655e7b69026;Chicken - Tenderloin;9.6
3a9ced0e-e349-4ec9-b46a-75c7598ea62e;Bread - Italian Roll With Herbs;18.06
d845902e-5f79-4ab3-b588-928a5b596844;Bread - Rolls, Corn;49.64
a2ab3a60-a839-4b84-9e63-098d0af205b8;Tomatoes - Roma;99.53
5f7b1b09-93c8-4ce6-8d81-c629ab1bf462;Chilli Paste, Ginger Garlic;15.24
6e6ff3c6-267c-4d80-af9b-92be5de5ce13;Wine - Masi Valpolocell;66.62
2435b942-8593-4034-8c02-b48e582807bc;Rice - Sushi;33.94
03337585-066d-4022-a2fc-46df79589217;Ice Cream - Vanilla;94.06
503e0a8d-e49c-4a4f-add4-2b88dcd51a92;Vermacelli - Sprinkles, Assorted;28.92
a2f6bbe4-5b52-42eb-9481-ed1eb76b914e;Shrimp - Black Tiger 13/15;62.45
e81646a7-6fab-46be-aa58-694060a1dc87;Tomatoes - Yellow Hot House;3.07
55ba3564-ecda-4e48-9279-77b0135b682c;Wine - Sawmill Creek Autumn;47.68
0586966d-91c1-44d4-a8af-350d00e84139;Butter Sweet;89.81
2e9c9a30-c2f5-4506-a124-331b46cc96ec;Sea Bass - Fillets;57.16
cc0cd725-15e5-4608-aa74-7c1f34045aa3;Vinegar - Sherry;49.35
50e42379-8af7-43ce-bc25-cf0e135f0bb3;Wine - Two Oceans Cabernet;82.26
cdb109df-c196-453f-98c1-519d63ae8b3d;Pail With Metal Handle 16l White;16.53
c444be20-d6db-4775-be29-3c6120b04e39;Potatoes - Purple, Organic;52.4
604077ba-54ad-4abc-929b-edc619906aa8;Veal - Brisket, Provimi, Bone - In;60.37
f594520a-db5a-411b-b129-14c79e44d3d8;Muffin - Mix - Mango Sour Cherry;82.35
c950540d-dba0-433a-8fa9-d3945e117bf2;Bread - Corn Muffaleta Onion;28.01